"","Sample","variable","lyta","piab","pos"
"1","S1_1.1000000000000001","Cq",45,45,FALSE
"2","S1_1.2","Cq",45,45,FALSE
"3","S1_1.3","Cq",45,45,FALSE
"4","S1_1.4","Cq",45,45,FALSE
"5","S1_1.5","Cq",45,45,FALSE
"6","S1_1.6","Cq",45,45,FALSE
"7","S1_10.1","Cq",45,45,FALSE
"8","S1_10.2","Cq",45,45,FALSE
"9","S1_10.3","Cq",45,45,FALSE
"10","S1_10.4","Cq",45,45,FALSE
"11","S1_10.5","Cq",45,45,FALSE
"12","S1_10.6","Cq",45,45,FALSE
"13","S1_100.1","Cq",35.9908114681768,39.0612513825403,TRUE
"14","S1_100.2","Cq",36.0960754483921,45,FALSE
"15","S1_100.3","Cq",45,45,FALSE
"16","S1_100.4","Cq",45,45,FALSE
"17","S1_100.5","Cq",38.3756526299208,45,FALSE
"18","S1_100.59999999999999","Cq",37.4720068713489,45,FALSE
"19","S1_101.1","Cq",38.8406702552005,36.5356007654221,TRUE
"20","S1_101.2","Cq",38.7548910609435,39.4429792430639,TRUE
"21","S1_101.3","Cq",32.6007113483618,45,FALSE
"22","S1_101.4","Cq",35.4283348418126,45,FALSE
"23","S1_101.5","Cq",35.1236633922722,45,FALSE
"24","S1_101.59999999999999","Cq",45,45,FALSE
"25","S1_101.6","Cq",9999,45,FALSE
"26","S1_11.1","Cq",21.5647582630379,45,FALSE
"27","S1_11.2","Cq",22.7481955094564,45,FALSE
"28","S1_11.3","Cq",22.1916761526699,45,FALSE
"29","S1_11.4","Cq",24.5914040842433,45,FALSE
"30","S1_11.5","Cq",45,45,FALSE
"31","S1_11.6","Cq",45,45,FALSE
"32","S1_12.1","Cq",39.2593742165286,45,FALSE
"33","S1_12.2","Cq",38.1493932382027,45,FALSE
"34","S1_12.3","Cq",45,45,FALSE
"35","S1_12.4","Cq",45,45,FALSE
"36","S1_12.5","Cq",37.47978216,45,FALSE
"37","S1_12.6","Cq",45,45,FALSE
"38","S1_13.1","Cq",45,45,FALSE
"39","S1_13.2","Cq",36.59552103,45,FALSE
"40","S1_13.3","Cq",45,45,FALSE
"41","S1_13.4","Cq",45,45,FALSE
"42","S1_13.5","Cq",45,45,FALSE
"43","S1_13.6","Cq",45,45,FALSE
"44","S1_14.1","Cq",37.95387215,45,FALSE
"45","S1_14.2","Cq",45,45,FALSE
"46","S1_14.3","Cq",37.7045252100784,45,FALSE
"47","S1_14.4","Cq",45,45,FALSE
"48","S1_14.5","Cq",45,45,FALSE
"49","S1_14.6","Cq",45,45,FALSE
"50","S1_15.1","Cq",45,45,FALSE
"51","S1_15.2","Cq",45,45,FALSE
"52","S1_15.3","Cq",45,45,FALSE
"53","S1_15.4","Cq",45,45,FALSE
"54","S1_15.5","Cq",39.89974872,45,FALSE
"55","S1_15.6","Cq",45,45,FALSE
"56","S1_16.1","Cq",45,45,FALSE
"57","S1_16.2","Cq",37.0409523125154,45,FALSE
"58","S1_16.3","Cq",37.32073882,45,FALSE
"59","S1_16.4","Cq",45,45,FALSE
"60","S1_16.5","Cq",45,45,FALSE
"61","S1_16.6","Cq",45,45,FALSE
"62","S1_17.1","Cq",45,39.8937338158994,FALSE
"63","S1_17.2","Cq",45,38.8901203839044,FALSE
"64","S1_17.3","Cq",45,45,FALSE
"65","S1_17.4","Cq",45,45,FALSE
"66","S1_17.5","Cq",45,45,FALSE
"67","S1_17.6","Cq",45,45,FALSE
"68","S1_18.1","Cq",45,45,FALSE
"69","S1_18.2","Cq",45,45,FALSE
"70","S1_18.3","Cq",45,45,FALSE
"71","S1_18.4","Cq",45,36.62524628,FALSE
"72","S1_18.5","Cq",45,45,FALSE
"73","S1_18.6","Cq",45,45,FALSE
"74","S1_19.100000000000001","Cq",45,45,FALSE
"75","S1_19.2","Cq",45,45,FALSE
"76","S1_19.3","Cq",45,45,FALSE
"77","S1_19.4","Cq",45,39.3297003941583,FALSE
"78","S1_19.5","Cq",45,45,FALSE
"79","S1_19.6","Cq",45,45,FALSE
"80","S1_2.1","Cq",45,45,FALSE
"81","S1_2.2","Cq",38.4745879823134,45,FALSE
"82","S1_2.3","Cq",37.4302081951327,45,FALSE
"83","S1_2.4","Cq",45,45,FALSE
"84","S1_2.5","Cq",45,45,FALSE
"85","S1_2.6","Cq",45,45,FALSE
"86","S1_20.1","Cq",45,45,FALSE
"87","S1_20.2","Cq",45,45,FALSE
"88","S1_20.3","Cq",45,45,FALSE
"89","S1_20.4","Cq",45,39.2968312869104,FALSE
"90","S1_20.5","Cq",45,45,FALSE
"91","S1_20.6","Cq",45,45,FALSE
"92","S1_21.1","Cq",45,45,FALSE
"93","S1_21.2","Cq",45,45,FALSE
"94","S1_21.3","Cq",45,45,FALSE
"95","S1_21.4","Cq",35.9901190657403,37.5704632526101,TRUE
"96","S1_21.5","Cq",45,45,FALSE
"97","S1_21.6","Cq",45,45,FALSE
"98","S1_22.1","Cq",45,45,FALSE
"99","S1_22.2","Cq",45,45,FALSE
"100","S1_22.3","Cq",45,45,FALSE
"101","S1_22.4","Cq",45,45,FALSE
"102","S1_22.5","Cq",45,45,FALSE
"103","S1_22.6","Cq",45,45,FALSE
"104","S1_23.1","Cq",45,45,FALSE
"105","S1_23.2","Cq",45,45,FALSE
"106","S1_23.3","Cq",45,45,FALSE
"107","S1_23.4","Cq",45,45,FALSE
"108","S1_23.5","Cq",45,45,FALSE
"109","S1_23.6","Cq",45,45,FALSE
"110","S1_24.1","Cq",45,45,FALSE
"111","S1_24.2","Cq",45,45,FALSE
"112","S1_24.3","Cq",37.4205851,45,FALSE
"113","S1_24.4","Cq",45,45,FALSE
"114","S1_24.5","Cq",45,45,FALSE
"115","S1_24.6","Cq",45,45,FALSE
"116","S1_25.1","Cq",45,45,FALSE
"117","S1_25.2","Cq",38.716500355621,45,FALSE
"118","S1_25.3","Cq",45,45,FALSE
"119","S1_25.4","Cq",45,45,FALSE
"120","S1_25.5","Cq",45,45,FALSE
"121","S1_25.6","Cq",45,45,FALSE
"122","S1_26.1","Cq",45,45,FALSE
"123","S1_26.2","Cq",37.0017576358758,45,FALSE
"124","S1_26.3","Cq",38.4276408411643,45,FALSE
"125","S1_26.4","Cq",45,45,FALSE
"126","S1_26.5","Cq",45,45,FALSE
"127","S1_26.6","Cq",45,45,FALSE
"128","S1_27.1","Cq",45,45,FALSE
"129","S1_27.2","Cq",45,45,FALSE
"130","S1_27.3","Cq",45,45,FALSE
"131","S1_27.4","Cq",45,45,FALSE
"132","S1_27.5","Cq",45,45,FALSE
"133","S1_27.6","Cq",45,45,FALSE
"134","S1_28.1","Cq",22.1766692607417,45,FALSE
"135","S1_28.2","Cq",26.3403484881413,45,FALSE
"136","S1_28.3","Cq",23.5903075463299,45,FALSE
"137","S1_28.4","Cq",25.8095156880442,45,FALSE
"138","S1_28.5","Cq",24.1616581389243,45,FALSE
"139","S1_28.6","Cq",25.3079150524217,45,FALSE
"140","S1_29.1","Cq",24.2455652392519,45,FALSE
"141","S1_29.2","Cq",21.6027603181027,45,FALSE
"142","S1_29.3","Cq",27.7110905209066,45,FALSE
"143","S1_29.4","Cq",26.0112651807349,39.0307163760368,TRUE
"144","S1_29.5","Cq",25.9547643608801,45,FALSE
"145","S1_29.6","Cq",28.7255329411526,45,FALSE
"146","S1_3.1","Cq",28.3132588842782,27.5649047729576,TRUE
"147","S1_3.2","Cq",25.0650798275618,26.0962915435147,TRUE
"148","S1_3.3","Cq",19.7234102253835,20.0712638105098,TRUE
"149","S1_3.4","Cq",33.234796912035,32.2529590819187,TRUE
"150","S1_3.5","Cq",23.0670993799938,21.9782357615276,TRUE
"151","S1_3.6","Cq",27.5833702183879,26.7187939421651,TRUE
"152","S1_30.1","Cq",45,45,FALSE
"153","S1_30.2","Cq",45,45,FALSE
"154","S1_30.3","Cq",45,45,FALSE
"155","S1_30.4","Cq",45,45,FALSE
"156","S1_30.5","Cq",45,45,FALSE
"157","S1_30.6","Cq",45,45,FALSE
"158","S1_31.1","Cq",45,45,FALSE
"159","S1_31.2","Cq",45,45,FALSE
"160","S1_31.3","Cq",45,45,FALSE
"161","S1_31.4","Cq",45,45,FALSE
"162","S1_31.5","Cq",45,45,FALSE
"163","S1_31.6","Cq",45,45,FALSE
"164","S1_32.1","Cq",45,45,FALSE
"165","S1_32.2","Cq",45,45,FALSE
"166","S1_32.3","Cq",45,45,FALSE
"167","S1_32.4","Cq",45,45,FALSE
"168","S1_32.5","Cq",45,45,FALSE
"169","S1_32.6","Cq",45,45,FALSE
"170","S1_33.1","Cq",30.6712254966198,30.1236677577973,TRUE
"171","S1_33.2","Cq",28.9411367216727,29.4076463585874,TRUE
"172","S1_33.3","Cq",27.1988854542884,27.2274650281319,TRUE
"173","S1_33.4","Cq",22.65570639865,22.997667652866,TRUE
"174","S1_33.5","Cq",38.9580562474595,45,FALSE
"175","S1_33.6","Cq",33.5028061460122,30.0408153566075,TRUE
"176","S1_34.1","Cq",22.1469421203051,45,FALSE
"177","S1_34.2","Cq",25.2998374050096,38.4421703340177,TRUE
"178","S1_34.3","Cq",22.9753480353861,45,FALSE
"179","S1_34.4","Cq",25.737275475299,37.6812935731423,TRUE
"180","S1_34.5","Cq",25.7460587143805,45,FALSE
"181","S1_34.6","Cq",25.6514980062253,45,FALSE
"182","S1_35.1","Cq",19.9550024017987,45,FALSE
"183","S1_35.2","Cq",23.7033767519504,45,FALSE
"184","S1_35.3","Cq",21.8185598602083,45,FALSE
"185","S1_35.4","Cq",24.6395044856326,38.81207309,TRUE
"186","S1_35.5","Cq",23.5969307241439,45,FALSE
"187","S1_35.6","Cq",26.5573478227013,45,FALSE
"188","S1_36.1","Cq",33.9859645733477,39.2522135583653,TRUE
"189","S1_36.2","Cq",29.5836326150317,34.17099937,TRUE
"190","S1_36.3","Cq",25.6676726584711,37.9548006609181,TRUE
"191","S1_36.4","Cq",24.5550031963161,38.3936100978096,TRUE
"192","S1_36.5","Cq",28.917507717951,38.5339690960164,TRUE
"193","S1_36.6","Cq",25.9189817720753,45,FALSE
"194","S1_37.1","Cq",45,45,FALSE
"195","S1_37.2","Cq",45,45,FALSE
"196","S1_37.3","Cq",45,45,FALSE
"197","S1_37.4","Cq",45,45,FALSE
"198","S1_37.5","Cq",45,45,FALSE
"199","S1_37.6","Cq",45,45,FALSE
"200","S1_38.1","Cq",9999,45,FALSE
"201","S1_39.1","Cq",9999,45,FALSE
"202","S1_4.1","Cq",27.4314497332336,37.0365386455085,TRUE
"203","S1_4.2","Cq",45,45,FALSE
"204","S1_4.3","Cq",45,45,FALSE
"205","S1_4.4","Cq",45,45,FALSE
"206","S1_4.5","Cq",45,45,FALSE
"207","S1_4.6","Cq",45,45,FALSE
"208","S1_40.1","Cq",45,45,FALSE
"209","S1_40.2","Cq",36.2099189646027,36.7966158834077,TRUE
"210","S1_40.3","Cq",45,45,FALSE
"211","S1_40.4","Cq",45,45,FALSE
"212","S1_40.5","Cq",45,45,FALSE
"213","S1_40.6","Cq",45,45,FALSE
"214","S1_41.1","Cq",16.4922124163246,18.3480266785753,TRUE
"215","S1_41.2","Cq",20.38183456,22.0175412764691,TRUE
"216","S1_41.3","Cq",32.5124649734571,27.1090821477839,TRUE
"217","S1_41.4","Cq",20.2283445892635,20.6050391680596,TRUE
"218","S1_41.5","Cq",23.4085931558306,22.9196101564778,TRUE
"219","S1_41.6","Cq",19.1687704204476,17.821008263282,TRUE
"220","S1_42.1","Cq",45,37.9837250136937,FALSE
"221","S1_42.2","Cq",45,45,FALSE
"222","S1_42.3","Cq",45,45,FALSE
"223","S1_42.4","Cq",45,45,FALSE
"224","S1_42.5","Cq",45,45,FALSE
"225","S1_42.6","Cq",34.69906081,45,FALSE
"226","S1_43.1","Cq",45,45,FALSE
"227","S1_43.2","Cq",37.47612385,45,FALSE
"228","S1_43.3","Cq",37.8086424043969,38.4736710849707,TRUE
"229","S1_43.4","Cq",45,45,FALSE
"230","S1_43.5","Cq",45,45,FALSE
"231","S1_43.6","Cq",45,33.4056463216275,FALSE
"232","S1_44.1","Cq",36.7720203581652,36.6402431412608,TRUE
"233","S1_44.2","Cq",45,45,FALSE
"234","S1_44.3","Cq",45,45,FALSE
"235","S1_44.4","Cq",32.6849326582154,34.4967604896756,TRUE
"236","S1_44.5","Cq",45,45,FALSE
"237","S1_44.6","Cq",45,45,FALSE
"238","S1_45.1","Cq",45,37.2297331466863,FALSE
"239","S1_45.2","Cq",45,45,FALSE
"240","S1_45.3","Cq",38.5050730578286,45,FALSE
"241","S1_45.4","Cq",45,45,FALSE
"242","S1_45.5","Cq",45,45,FALSE
"243","S1_45.6","Cq",45,45,FALSE
"244","S1_46.1","Cq",38.4198869178005,45,FALSE
"245","S1_46.2","Cq",45,45,FALSE
"246","S1_46.3","Cq",45,45,FALSE
"247","S1_46.4","Cq",45,45,FALSE
"248","S1_46.5","Cq",39.4456423749819,45,FALSE
"249","S1_46.6","Cq",45,45,FALSE
"250","S1_47.1","Cq",45,45,FALSE
"251","S1_47.2","Cq",45,45,FALSE
"252","S1_47.3","Cq",36.9616698480213,45,FALSE
"253","S1_47.4","Cq",45,45,FALSE
"254","S1_47.5","Cq",45,45,FALSE
"255","S1_47.6","Cq",45,45,FALSE
"256","S1_49.4","Cq",45,9999,FALSE
"257","S1_5.1","Cq",45,45,FALSE
"258","S1_5.2","Cq",45,45,FALSE
"259","S1_5.3","Cq",45,45,FALSE
"260","S1_5.4","Cq",21.652628358987,45,FALSE
"261","S1_5.5","Cq",24.6903749685355,45,FALSE
"262","S1_5.6","Cq",28.7980333661879,45,FALSE
"263","S1_50.1","Cq",37.689618623943,45,FALSE
"264","S1_50.2","Cq",25.07631254,45,FALSE
"265","S1_50.3","Cq",29.1631913727106,45,FALSE
"266","S1_50.4","Cq",26.2492143423172,45,FALSE
"267","S1_50.5","Cq",29.4189050744338,45,FALSE
"268","S1_50.6","Cq",30.0314150789465,45,FALSE
"269","S1_51.1","Cq",45,45,FALSE
"270","S1_51.2","Cq",36.80744468,45,FALSE
"271","S1_51.3","Cq",37.1031630316145,45,FALSE
"272","S1_51.4","Cq",39.6782346063049,45,FALSE
"273","S1_51.5","Cq",45,45,FALSE
"274","S1_51.6","Cq",45,45,FALSE
"275","S1_52.1","Cq",45,45,FALSE
"276","S1_52.2","Cq",45,45,FALSE
"277","S1_52.3","Cq",45,45,FALSE
"278","S1_52.4","Cq",45,45,FALSE
"279","S1_52.5","Cq",45,45,FALSE
"280","S1_52.6","Cq",45,45,FALSE
"281","S1_53.1","Cq",45,45,FALSE
"282","S1_53.2","Cq",45,45,FALSE
"283","S1_53.3","Cq",45,45,FALSE
"284","S1_53.4","Cq",45,45,FALSE
"285","S1_53.5","Cq",45,45,FALSE
"286","S1_53.6","Cq",45,45,FALSE
"287","S1_54.1","Cq",45,45,FALSE
"288","S1_54.2","Cq",45,45,FALSE
"289","S1_54.3","Cq",45,45,FALSE
"290","S1_54.4","Cq",45,45,FALSE
"291","S1_54.5","Cq",45,45,FALSE
"292","S1_54.6","Cq",45,45,FALSE
"293","S1_55.1","Cq",45,45,FALSE
"294","S1_55.2","Cq",45,45,FALSE
"295","S1_55.3","Cq",45,45,FALSE
"296","S1_55.4","Cq",45,45,FALSE
"297","S1_55.5","Cq",37.4178075997033,38.9183818612371,TRUE
"298","S1_55.6","Cq",45,45,FALSE
"299","S1_56.1","Cq",45,45,FALSE
"300","S1_56.2","Cq",45,45,FALSE
"301","S1_56.3","Cq",45,45,FALSE
"302","S1_56.4","Cq",45,45,FALSE
"303","S1_56.5","Cq",38.30950123,45,FALSE
"304","S1_56.6","Cq",45,45,FALSE
"305","S1_57.1","Cq",37.00051391,45,FALSE
"306","S1_57.2","Cq",45,45,FALSE
"307","S1_57.3","Cq",38.7474558815533,45,FALSE
"308","S1_57.4","Cq",45,45,FALSE
"309","S1_57.5","Cq",45,45,FALSE
"310","S1_57.6","Cq",45,45,FALSE
"311","S1_6.2","Cq",29.3851734014072,45,FALSE
"312","S1_6.3","Cq",29.5935058718457,45,FALSE
"313","S1_6.4","Cq",24.1040784544396,45,FALSE
"314","S1_6.5","Cq",22.045583140502,45,FALSE
"315","S1_6.6","Cq",25.2134754717604,45,FALSE
"316","S1_60.1","Cq",45,45,FALSE
"317","S1_60.2","Cq",31.89237611,37.26573985,TRUE
"318","S1_60.3","Cq",31.0302567028728,45,FALSE
"319","S1_60.4","Cq",36.4159608332748,45,FALSE
"320","S1_60.5","Cq",31.7776620529965,45,FALSE
"321","S1_60.6","Cq",38.499271860713,45,FALSE
"322","S1_61.1","Cq",24.458202823538,45,FALSE
"323","S1_61.2","Cq",29.12968156,45,FALSE
"324","S1_61.3","Cq",35.1792508006858,45,FALSE
"325","S1_61.4","Cq",45,45,FALSE
"326","S1_61.5","Cq",39.7104664885872,45,FALSE
"327","S1_61.6","Cq",45,45,FALSE
"328","S1_62.1","Cq",45,45,FALSE
"329","S1_62.3","Cq",45,45,FALSE
"330","S1_62.4","Cq",45,45,FALSE
"331","S1_62.5","Cq",35.3079575506079,33.5454960069469,TRUE
"332","S1_62.6","Cq",45,45,FALSE
"333","S1_63.1","Cq",45,45,FALSE
"334","S1_63.3","Cq",45,45,FALSE
"335","S1_63.4","Cq",45,45,FALSE
"336","S1_63.5","Cq",45,45,FALSE
"337","S1_63.6","Cq",34.0662002544823,31.787472988212,TRUE
"338","S1_64.1","Cq",21.9993369849721,45,FALSE
"339","S1_64.2","Cq",28.24154219,45,FALSE
"340","S1_64.3","Cq",23.6683502575944,45,FALSE
"341","S1_64.4","Cq",25.0895815323971,45,FALSE
"342","S1_64.5","Cq",24.5710044785636,45,FALSE
"343","S1_64.6","Cq",29.0491929700786,45,FALSE
"344","S1_65.1","Cq",45,45,FALSE
"345","S1_65.2","Cq",45,45,FALSE
"346","S1_65.3","Cq",45,37.5201344967835,FALSE
"347","S1_65.4","Cq",45,45,FALSE
"348","S1_65.5","Cq",45,45,FALSE
"349","S1_65.6","Cq",45,45,FALSE
"350","S1_66.1","Cq",45,45,FALSE
"351","S1_66.2","Cq",45,45,FALSE
"352","S1_66.3","Cq",38.3730362319526,45,FALSE
"353","S1_66.4","Cq",45,45,FALSE
"354","S1_66.5","Cq",45,45,FALSE
"355","S1_66.6","Cq",45,45,FALSE
"356","S1_67.1","Cq",45,45,FALSE
"357","S1_67.2","Cq",45,45,FALSE
"358","S1_67.3","Cq",38.5670477499732,45,FALSE
"359","S1_67.4","Cq",45,45,FALSE
"360","S1_67.5","Cq",45,45,FALSE
"361","S1_67.6","Cq",45,45,FALSE
"362","S1_68.1","Cq",45,45,FALSE
"363","S1_68.2","Cq",45,45,FALSE
"364","S1_68.3","Cq",45,45,FALSE
"365","S1_68.4","Cq",45,45,FALSE
"366","S1_68.5","Cq",45,45,FALSE
"367","S1_68.6","Cq",45,38.8639298355437,FALSE
"368","S1_69.1","Cq",45,45,FALSE
"369","S1_69.2","Cq",45,45,FALSE
"370","S1_69.3","Cq",45,45,FALSE
"371","S1_69.4","Cq",45,45,FALSE
"372","S1_69.5","Cq",45,45,FALSE
"373","S1_69.6","Cq",45,38.8073732516555,FALSE
"374","S1_7.1","Cq",45,45,FALSE
"375","S1_7.2","Cq",45,45,FALSE
"376","S1_7.3","Cq",45,45,FALSE
"377","S1_7.4","Cq",45,45,FALSE
"378","S1_7.5","Cq",45,45,FALSE
"379","S1_7.6","Cq",45,45,FALSE
"380","S1_70.1","Cq",45,45,FALSE
"381","S1_70.2","Cq",45,45,FALSE
"382","S1_70.3","Cq",45,45,FALSE
"383","S1_70.4","Cq",38.38494766,45,FALSE
"384","S1_70.5","Cq",45,45,FALSE
"385","S1_70.6","Cq",45,45,FALSE
"386","S1_71.1","Cq",45,45,FALSE
"387","S1_71.2","Cq",35.3568236897613,45,FALSE
"388","S1_71.3","Cq",45,45,FALSE
"389","S1_71.4","Cq",45,45,FALSE
"390","S1_71.5","Cq",45,45,FALSE
"391","S1_71.6","Cq",45,45,FALSE
"392","S1_72.1","Cq",28.1815254398646,45,FALSE
"393","S1_72.2","Cq",27.98955705,45,FALSE
"394","S1_72.3","Cq",27.2663887274767,45,FALSE
"395","S1_72.4","Cq",29.8241447923726,45,FALSE
"396","S1_72.5","Cq",28.1785974440536,45,FALSE
"397","S1_72.6","Cq",27.7519955558607,45,FALSE
"398","S1_73.1","Cq",45,45,FALSE
"399","S1_73.2","Cq",45,45,FALSE
"400","S1_73.3","Cq",30.5070637060291,45,FALSE
"401","S1_73.4","Cq",45,45,FALSE
"402","S1_73.5","Cq",45,45,FALSE
"403","S1_73.6","Cq",45,45,FALSE
"404","S1_74.099999999999994","Cq",45,45,FALSE
"405","S1_74.2","Cq",32.38303101,45,FALSE
"406","S1_74.3","Cq",37.0374604477967,45,FALSE
"407","S1_74.4","Cq",45,45,FALSE
"408","S1_74.5","Cq",37.5143690846193,45,FALSE
"409","S1_74.6","Cq",38.2541024970001,45,FALSE
"410","S1_75.1","Cq",21.1652831298916,45,FALSE
"411","S1_75.2","Cq",23.06153883,45,FALSE
"412","S1_75.3","Cq",26.8422486276714,45,FALSE
"413","S1_75.4","Cq",34.8996177763818,45,FALSE
"414","S1_75.5","Cq",27.3134398310376,45,FALSE
"415","S1_75.6","Cq",27.1553687248027,45,FALSE
"416","S1_76.1","Cq",28.6818430905257,45,FALSE
"417","S1_76.2","Cq",31.3541825,45,FALSE
"418","S1_76.3","Cq",37.1662262731377,45,FALSE
"419","S1_76.4","Cq",33.68267427714,45,FALSE
"420","S1_76.5","Cq",33.8209608824963,45,FALSE
"421","S1_76.6","Cq",35.0968188473657,45,FALSE
"422","S1_77.1","Cq",45,45,FALSE
"423","S1_77.2","Cq",45,45,FALSE
"424","S1_77.3","Cq",45,38.2174011412926,FALSE
"425","S1_77.4","Cq",45,45,FALSE
"426","S1_77.5","Cq",45,45,FALSE
"427","S1_77.6","Cq",45,45,FALSE
"428","S1_78.1","Cq",45,45,FALSE
"429","S1_78.2","Cq",38.7630083659999,37.8048824348196,TRUE
"430","S1_78.3","Cq",45,45,FALSE
"431","S1_78.4","Cq",45,45,FALSE
"432","S1_78.5","Cq",45,45,FALSE
"433","S1_78.6","Cq",45,45,FALSE
"434","S1_79.1","Cq",23.5066516823153,45,FALSE
"435","S1_79.2","Cq",27.3619168179451,45,FALSE
"436","S1_79.3","Cq",27.205721110449,31.7644508108224,TRUE
"437","S1_79.4","Cq",24.684889815579,45,FALSE
"438","S1_79.5","Cq",25.1033501674567,45,FALSE
"439","S1_79.6","Cq",25.892324359788,45,FALSE
"440","S1_8.1","Cq",45,45,FALSE
"441","S1_8.2","Cq",45,45,FALSE
"442","S1_8.3","Cq",45,45,FALSE
"443","S1_8.4","Cq",45,45,FALSE
"444","S1_8.5","Cq",45,45,FALSE
"445","S1_8.6","Cq",45,45,FALSE
"446","S1_80.1","Cq",45,45,FALSE
"447","S1_80.2","Cq",45,45,FALSE
"448","S1_80.3","Cq",45,45,FALSE
"449","S1_80.4","Cq",45,45,FALSE
"450","S1_80.5","Cq",45,45,FALSE
"451","S1_80.6","Cq",45,45,FALSE
"452","S1_81.1","Cq",45,45,FALSE
"453","S1_81.2","Cq",45,45,FALSE
"454","S1_81.3","Cq",45,45,FALSE
"455","S1_81.4","Cq",45,45,FALSE
"456","S1_81.5","Cq",45,45,FALSE
"457","S1_81.6","Cq",45,45,FALSE
"458","S1_82.1","Cq",45,45,FALSE
"459","S1_82.2","Cq",45,45,FALSE
"460","S1_82.3","Cq",45,45,FALSE
"461","S1_82.4","Cq",45,45,FALSE
"462","S1_82.5","Cq",45,45,FALSE
"463","S1_82.6","Cq",45,45,FALSE
"464","S1_83.1","Cq",45,45,FALSE
"465","S1_83.2","Cq",45,45,FALSE
"466","S1_83.3","Cq",45,45,FALSE
"467","S1_83.4","Cq",45,45,FALSE
"468","S1_83.5","Cq",45,45,FALSE
"469","S1_83.6","Cq",45,45,FALSE
"470","S1_84.1","Cq",45,45,FALSE
"471","S1_84.2","Cq",45,45,FALSE
"472","S1_84.3","Cq",45,45,FALSE
"473","S1_84.4","Cq",45,45,FALSE
"474","S1_84.5","Cq",45,45,FALSE
"475","S1_84.6","Cq",45,45,FALSE
"476","S1_85.1","Cq",45,45,FALSE
"477","S1_85.2","Cq",45,45,FALSE
"478","S1_85.3","Cq",45,45,FALSE
"479","S1_85.4","Cq",34.61375767,45,FALSE
"480","S1_85.5","Cq",45,45,FALSE
"481","S1_85.6","Cq",45,45,FALSE
"482","S1_86.1","Cq",45,45,FALSE
"483","S1_86.2","Cq",45,45,FALSE
"484","S1_86.3","Cq",45,45,FALSE
"485","S1_86.4","Cq",45,45,FALSE
"486","S1_86.5","Cq",45,45,FALSE
"487","S1_86.6","Cq",45,45,FALSE
"488","S1_87.1","Cq",45,45,FALSE
"489","S1_87.2","Cq",45,45,FALSE
"490","S1_87.3","Cq",45,45,FALSE
"491","S1_87.4","Cq",45,45,FALSE
"492","S1_87.5","Cq",45,45,FALSE
"493","S1_87.6","Cq",45,45,FALSE
"494","S1_88.1","Cq",45,45,FALSE
"495","S1_88.2","Cq",39.3850897980494,45,FALSE
"496","S1_88.3","Cq",45,45,FALSE
"497","S1_88.4","Cq",38.15323919,45,FALSE
"498","S1_88.5","Cq",45,45,FALSE
"499","S1_88.6","Cq",38.2051456836266,45,FALSE
"500","S1_89.1","Cq",45,45,FALSE
"501","S1_89.2","Cq",45,45,FALSE
"502","S1_89.3","Cq",45,45,FALSE
"503","S1_89.4","Cq",45,45,FALSE
"504","S1_89.5","Cq",45,45,FALSE
"505","S1_89.6","Cq",45,45,FALSE
"506","S1_9.1","Cq",33.6282401803122,45,FALSE
"507","S1_9.2","Cq",45,45,FALSE
"508","S1_9.3","Cq",37.4906504467462,39.3584541761452,TRUE
"509","S1_9.4","Cq",45,45,FALSE
"510","S1_9.5","Cq",45,45,FALSE
"511","S1_9.6","Cq",45,45,FALSE
"512","S1_90.1","Cq",45,45,FALSE
"513","S1_90.2","Cq",45,45,FALSE
"514","S1_90.3","Cq",45,45,FALSE
"515","S1_90.4","Cq",45,45,FALSE
"516","S1_90.5","Cq",45,45,FALSE
"517","S1_90.6","Cq",45,45,FALSE
"518","S1_91.1","Cq",45,45,FALSE
"519","S1_91.2","Cq",45,45,FALSE
"520","S1_91.3","Cq",45,45,FALSE
"521","S1_91.4","Cq",45,45,FALSE
"522","S1_91.5","Cq",45,45,FALSE
"523","S1_91.6","Cq",45,45,FALSE
"524","S1_92.1","Cq",28.3573949901603,32.6115603355562,TRUE
"525","S1_92.2","Cq",27.8266801471854,45,FALSE
"526","S1_92.3","Cq",28.7153939093385,45,FALSE
"527","S1_92.4","Cq",28.1546477365343,45,FALSE
"528","S1_92.5","Cq",26.0203704032033,33.4942398019941,TRUE
"529","S1_92.599999999999994","Cq",25.0053899200377,25.743840543983,TRUE
"530","S1_92.6","Cq",25.5985532428509,27.6386898417073,TRUE
"531","S1_93.1","Cq",45,45,FALSE
"532","S1_93.2","Cq",45,45,FALSE
"533","S1_93.3","Cq",45,45,FALSE
"534","S1_93.4","Cq",45,45,FALSE
"535","S1_93.5","Cq",45,45,FALSE
"536","S1_93.599999999999994","Cq",38.962167044781,45,FALSE
"537","S1_94.1","Cq",45,45,FALSE
"538","S1_94.2","Cq",45,45,FALSE
"539","S1_94.3","Cq",45,45,FALSE
"540","S1_94.4","Cq",38.79370307,45,FALSE
"541","S1_94.5","Cq",45,45,FALSE
"542","S1_94.599999999999994","Cq",37.6042542961904,45,FALSE
"543","S1_95.1","Cq",45,45,FALSE
"544","S1_95.2","Cq",45,45,FALSE
"545","S1_95.3","Cq",45,45,FALSE
"546","S1_95.4","Cq",39.27641787,45,FALSE
"547","S1_95.5","Cq",45,45,FALSE
"548","S1_95.599999999999994","Cq",45,45,FALSE
"549","S1_96.1","Cq",45,45,FALSE
"550","S1_96.2","Cq",45,45,FALSE
"551","S1_96.3","Cq",45,45,FALSE
"552","S1_96.4","Cq",36.36523149,37.7544660441821,TRUE
"553","S1_96.5","Cq",45,45,FALSE
"554","S1_96.6","Cq",45,45,FALSE
"555","S1_97.1","Cq",45,45,FALSE
"556","S1_97.2","Cq",39.2545296335247,35.29297452,TRUE
"557","S1_97.3","Cq",45,45,FALSE
"558","S1_97.4","Cq",45,45,FALSE
"559","S1_97.5","Cq",45,45,FALSE
"560","S1_97.6","Cq",45,45,FALSE
"561","S1_98.1","Cq",45,45,FALSE
"562","S1_98.2","Cq",37.98340838,45,FALSE
"563","S1_98.3","Cq",45,45,FALSE
"564","S1_98.4","Cq",45,45,FALSE
"565","S1_98.5","Cq",45,45,FALSE
"566","S1_98.6","Cq",37.4038952298618,45,FALSE
"567","S1_99.1","Cq",45,45,FALSE
"568","S1_99.2","Cq",45,45,FALSE
"569","S1_99.3","Cq",45,45,FALSE
"570","S1_99.4","Cq",45,45,FALSE
"571","S1_99.5","Cq",45,45,FALSE
"572","S1_99.6","Cq",39.5312998413778,36.2847101143692,TRUE
"573","S2_1.1","Cq",45,45,FALSE
"574","S2_1.2","Cq",37.4533155894646,45,FALSE
"575","S2_1.3","Cq",45,45,FALSE
"576","S2_1.4","Cq",45,45,FALSE
"577","S2_1.5","Cq",45,45,FALSE
"578","S2_1.6","Cq",45,45,FALSE
"579","S2_10.1","Cq",45,45,FALSE
"580","S2_10.2","Cq",45,45,FALSE
"581","S2_10.3","Cq",45,45,FALSE
"582","S2_10.4","Cq",45,45,FALSE
"583","S2_10.5","Cq",39.7288953960922,45,FALSE
"584","S2_10.6","Cq",45,45,FALSE
"585","S2_102ctl","Cq",45,45,FALSE
"586","S2_11.1","Cq",45,45,FALSE
"587","S2_11.2","Cq",45,45,FALSE
"588","S2_11.3","Cq",45,45,FALSE
"589","S2_11.4","Cq",45,45,FALSE
"590","S2_11.5","Cq",45,45,FALSE
"591","S2_11.6","Cq",45,45,FALSE
"592","S2_12.1","Cq",45,45,FALSE
"593","S2_12.2","Cq",45,45,FALSE
"594","S2_12.3","Cq",45,45,FALSE
"595","S2_12.4","Cq",45,45,FALSE
"596","S2_12.5","Cq",45,45,FALSE
"597","S2_12.6","Cq",45,45,FALSE
"598","S2_13.1","Cq",45,45,FALSE
"599","S2_13.2","Cq",45,45,FALSE
"600","S2_13.3","Cq",45,45,FALSE
"601","S2_13.4","Cq",45,45,FALSE
"602","S2_13.5","Cq",45,45,FALSE
"603","S2_13.6","Cq",45,45,FALSE
"604","S2_14.1","Cq",45,45,FALSE
"605","S2_14.2","Cq",45,45,FALSE
"606","S2_14.3","Cq",45,45,FALSE
"607","S2_14.4","Cq",45,45,FALSE
"608","S2_14.5","Cq",45,45,FALSE
"609","S2_14.6","Cq",45,45,FALSE
"610","S2_15.1","Cq",45,45,FALSE
"611","S2_15.2","Cq",45,45,FALSE
"612","S2_15.3","Cq",45,45,FALSE
"613","S2_15.4","Cq",45,45,FALSE
"614","S2_15.5","Cq",45,45,FALSE
"615","S2_15.6","Cq",45,45,FALSE
"616","S2_16.1","Cq",45,45,FALSE
"617","S2_16.2","Cq",45,45,FALSE
"618","S2_16.3","Cq",45,45,FALSE
"619","S2_16.4","Cq",45,45,FALSE
"620","S2_16.5","Cq",45,45,FALSE
"621","S2_16.6","Cq",45,45,FALSE
"622","S2_17.1","Cq",45,45,FALSE
"623","S2_17.2","Cq",45,45,FALSE
"624","S2_17.3","Cq",45,45,FALSE
"625","S2_17.4","Cq",45,45,FALSE
"626","S2_17.5","Cq",45,45,FALSE
"627","S2_17.6","Cq",45,45,FALSE
"628","S2_18.1","Cq",45,45,FALSE
"629","S2_18.2","Cq",45,45,FALSE
"630","S2_18.3","Cq",45,45,FALSE
"631","S2_18.4","Cq",45,45,FALSE
"632","S2_18.5","Cq",45,45,FALSE
"633","S2_18.6","Cq",45,45,FALSE
"634","S2_19.1","Cq",45,45,FALSE
"635","S2_19.2","Cq",38.6755182862184,45,FALSE
"636","S2_19.3","Cq",39.1832310007744,45,FALSE
"637","S2_19.4","Cq",35.3758838589027,45,FALSE
"638","S2_19.5","Cq",35.8417043762334,45,FALSE
"639","S2_19.6","Cq",35.3531505292216,45,FALSE
"640","S2_2.1","Cq",45,45,FALSE
"641","S2_2.2","Cq",45,45,FALSE
"642","S2_2.3","Cq",45,45,FALSE
"643","S2_2.4","Cq",45,45,FALSE
"644","S2_2.5","Cq",45,45,FALSE
"645","S2_2.6","Cq",38.1854378817453,38.8485680855553,TRUE
"646","S2_20.1","Cq",35.3787173998862,45,FALSE
"647","S2_20.2","Cq",34.2971100984202,45,FALSE
"648","S2_20.3","Cq",34.6335096428083,45,FALSE
"649","S2_20.4","Cq",35.1722922784031,45,FALSE
"650","S2_20.5","Cq",35.0387911853525,45,FALSE
"651","S2_20.6","Cq",34.9581080718206,45,FALSE
"652","S2_21.1","Cq",45,45,FALSE
"653","S2_21.2","Cq",45,45,FALSE
"654","S2_21.3","Cq",45,45,FALSE
"655","S2_21.4","Cq",45,45,FALSE
"656","S2_21.5","Cq",45,45,FALSE
"657","S2_21.6","Cq",45,45,FALSE
"658","S2_22.1","Cq",36.5991966926642,45,FALSE
"659","S2_22.2","Cq",33.0372738759249,45,FALSE
"660","S2_22.3","Cq",30.7196552846145,45,FALSE
"661","S2_22.4","Cq",27.8484011910488,45,FALSE
"662","S2_22.5","Cq",31.7308522077253,45,FALSE
"663","S2_22.6","Cq",31.2315294681025,45,FALSE
"664","S2_23.1","Cq",45,45,FALSE
"665","S2_23.2","Cq",45,45,FALSE
"666","S2_23.3","Cq",45,45,FALSE
"667","S2_23.4","Cq",45,45,FALSE
"668","S2_23.5","Cq",45,45,FALSE
"669","S2_23.6","Cq",45,45,FALSE
"670","S2_24.1","Cq",45,45,FALSE
"671","S2_24.2","Cq",45,38.6192061782764,FALSE
"672","S2_24.3","Cq",45,45,FALSE
"673","S2_24.4","Cq",45,45,FALSE
"674","S2_24.5","Cq",45,45,FALSE
"675","S2_24.6","Cq",45,45,FALSE
"676","S2_25.1","Cq",30.2615517238091,32.4556869868167,TRUE
"677","S2_25.2","Cq",29.3023474600419,30.2141623334521,TRUE
"678","S2_25.3","Cq",29.2591321406437,31.0009767250876,TRUE
"679","S2_25.4","Cq",29.984424733939,31.3246322320458,TRUE
"680","S2_25.5","Cq",32.3576098304066,45,FALSE
"681","S2_25.6","Cq",30.0065616686483,32.4465714516148,TRUE
"682","S2_26.1","Cq",45,45,FALSE
"683","S2_26.2","Cq",45,45,FALSE
"684","S2_26.3","Cq",45,45,FALSE
"685","S2_26.4","Cq",45,45,FALSE
"686","S2_26.5","Cq",45,45,FALSE
"687","S2_26.6","Cq",45,45,FALSE
"688","S2_27.1","Cq",45,45,FALSE
"689","S2_27.2","Cq",36.5279560515649,36.5028214477789,TRUE
"690","S2_27.3","Cq",45,45,FALSE
"691","S2_27.4","Cq",45,45,FALSE
"692","S2_27.5","Cq",45,45,FALSE
"693","S2_27.6","Cq",45,45,FALSE
"694","S2_28.1","Cq",27.5537077363229,28.1762168202071,TRUE
"695","S2_28.2","Cq",34.6310903428519,36.4470472595103,TRUE
"696","S2_28.3","Cq",45,45,FALSE
"697","S2_28.4","Cq",45,45,FALSE
"698","S2_28.5","Cq",31.0331691413553,32.0953393732969,TRUE
"699","S2_28.6","Cq",45,45,FALSE
"700","S2_29.1","Cq",45,45,FALSE
"701","S2_29.2","Cq",45,45,FALSE
"702","S2_29.3","Cq",45,45,FALSE
"703","S2_29.4","Cq",45,45,FALSE
"704","S2_29.5","Cq",45,45,FALSE
"705","S2_29.6","Cq",45,45,FALSE
"706","S2_3.1","Cq",45,45,FALSE
"707","S2_3.2","Cq",45,45,FALSE
"708","S2_3.3","Cq",45,45,FALSE
"709","S2_3.4","Cq",45,45,FALSE
"710","S2_3.5","Cq",45,45,FALSE
"711","S2_3.6","Cq",45,45,FALSE
"712","S2_30.1","Cq",45,45,FALSE
"713","S2_30.2","Cq",45,45,FALSE
"714","S2_30.3","Cq",39.0967072829416,45,FALSE
"715","S2_30.4","Cq",45,45,FALSE
"716","S2_30.5","Cq",45,45,FALSE
"717","S2_30.6","Cq",38.08479653719,45,FALSE
"718","S2_31.1","Cq",45,45,FALSE
"719","S2_31.2","Cq",45,45,FALSE
"720","S2_31.3","Cq",45,45,FALSE
"721","S2_31.4","Cq",45,45,FALSE
"722","S2_31.5","Cq",45,45,FALSE
"723","S2_31.6","Cq",45,45,FALSE
"724","S2_32.1","Cq",45,45,FALSE
"725","S2_32.2","Cq",45,45,FALSE
"726","S2_32.3","Cq",45,45,FALSE
"727","S2_32.4","Cq",45,45,FALSE
"728","S2_32.5","Cq",45,45,FALSE
"729","S2_32.6","Cq",45,45,FALSE
"730","S2_33.1","Cq",45,45,FALSE
"731","S2_33.2","Cq",45,45,FALSE
"732","S2_33.3","Cq",45,45,FALSE
"733","S2_33.4","Cq",45,45,FALSE
"734","S2_33.5","Cq",45,45,FALSE
"735","S2_33.6","Cq",39.2040672535386,45,FALSE
"736","S2_34.1","Cq",45,45,FALSE
"737","S2_34.2","Cq",45,45,FALSE
"738","S2_34.3","Cq",45,45,FALSE
"739","S2_34.4","Cq",45,45,FALSE
"740","S2_34.5","Cq",45,45,FALSE
"741","S2_34.6","Cq",45,45,FALSE
"742","S2_35.1","Cq",45,45,FALSE
"743","S2_35.2","Cq",45,45,FALSE
"744","S2_35.3","Cq",45,45,FALSE
"745","S2_35.4","Cq",45,45,FALSE
"746","S2_35.5","Cq",28.4582384483832,30.7784257822053,TRUE
"747","S2_35.6","Cq",29.3562525483582,31.9063059485964,TRUE
"748","S2_36.1","Cq",45,45,FALSE
"749","S2_36.2","Cq",45,45,FALSE
"750","S2_36.3","Cq",45,45,FALSE
"751","S2_36.4","Cq",45,45,FALSE
"752","S2_36.5","Cq",45,37.887551547664,FALSE
"753","S2_36.6","Cq",45,45,FALSE
"754","S2_39.1","Cq",33.61792685511,45,FALSE
"755","S2_39.2","Cq",32.8486905636242,45,FALSE
"756","S2_39.3","Cq",28.8447141425333,45,FALSE
"757","S2_39.4","Cq",28.88136541538,45,FALSE
"758","S2_39.5","Cq",29.2022085351809,45,FALSE
"759","S2_39.6","Cq",26.2949113457147,45,FALSE
"760","S2_4.1","Cq",45,45,FALSE
"761","S2_4.2","Cq",45,45,FALSE
"762","S2_4.3","Cq",45,45,FALSE
"763","S2_4.4","Cq",45,45,FALSE
"764","S2_4.5","Cq",45,45,FALSE
"765","S2_4.6","Cq",45,45,FALSE
"766","S2_40.1","Cq",31.4700470852815,45,FALSE
"767","S2_40.2","Cq",27.522495694778,45,FALSE
"768","S2_40.3","Cq",26.6422153977008,45,FALSE
"769","S2_40.4","Cq",28.6285724367807,45,FALSE
"770","S2_40.5","Cq",27.0880864493197,45,FALSE
"771","S2_40.6","Cq",25.0769697784733,37.3230812179026,TRUE
"772","S2_41.1","Cq",36.4611829800038,45,FALSE
"773","S2_41.2","Cq",39.1031337545323,45,FALSE
"774","S2_41.3","Cq",36.8647790032037,45,FALSE
"775","S2_41.4","Cq",36.5019375206124,45,FALSE
"776","S2_41.5","Cq",38.7933427640903,45,FALSE
"777","S2_41.6","Cq",36.1468932486412,45,FALSE
"778","S2_42.1","Cq",45,45,FALSE
"779","S2_42.2","Cq",45,45,FALSE
"780","S2_42.3","Cq",45,45,FALSE
"781","S2_42.4","Cq",45,45,FALSE
"782","S2_42.5","Cq",45,45,FALSE
"783","S2_42.6","Cq",45,45,FALSE
"784","S2_43.1","Cq",45,45,FALSE
"785","S2_43.2","Cq",45,45,FALSE
"786","S2_43.3","Cq",45,45,FALSE
"787","S2_43.4","Cq",45,45,FALSE
"788","S2_43.5","Cq",45,45,FALSE
"789","S2_43.6","Cq",45,45,FALSE
"790","S2_44.1","Cq",45,45,FALSE
"791","S2_44.2","Cq",45,45,FALSE
"792","S2_44.3","Cq",45,45,FALSE
"793","S2_44.4","Cq",45,45,FALSE
"794","S2_44.5","Cq",45,45,FALSE
"795","S2_44.6","Cq",45,45,FALSE
"796","S2_45.1","Cq",45,45,FALSE
"797","S2_45.2","Cq",45,45,FALSE
"798","S2_45.3","Cq",28.1446659688708,45,FALSE
"799","S2_45.4","Cq",30.0023753983316,45,FALSE
"800","S2_45.5","Cq",45,45,FALSE
"801","S2_45.6","Cq",33.3353733832584,45,FALSE
"802","S2_46.1","Cq",45,45,FALSE
"803","S2_46.2","Cq",45,45,FALSE
"804","S2_46.3","Cq",45,45,FALSE
"805","S2_46.4","Cq",37.2209531419711,45,FALSE
"806","S2_46.5","Cq",45,45,FALSE
"807","S2_46.6","Cq",36.8900708597243,45,FALSE
"808","S2_47.1","Cq",45,45,FALSE
"809","S2_47.2","Cq",45,45,FALSE
"810","S2_47.3","Cq",45,45,FALSE
"811","S2_47.4","Cq",45,45,FALSE
"812","S2_47.5","Cq",45,45,FALSE
"813","S2_47.6","Cq",37.8695862727925,39.7714833182533,TRUE
"814","S2_48.1","Cq",45,45,FALSE
"815","S2_48.2","Cq",45,45,FALSE
"816","S2_48.3","Cq",45,45,FALSE
"817","S2_48.4","Cq",45,45,FALSE
"818","S2_48.5","Cq",39.1881690624519,45,FALSE
"819","S2_48.6","Cq",39.3251126219188,38.5967160679678,TRUE
"820","S2_49.1","Cq",45,45,FALSE
"821","S2_49.2","Cq",45,45,FALSE
"822","S2_49.3","Cq",45,45,FALSE
"823","S2_49.4","Cq",45,45,FALSE
"824","S2_49.5","Cq",37.2303096207225,38.2690144780993,TRUE
"825","S2_49.6","Cq",45,45,FALSE
"826","S2_5.1","Cq",45,45,FALSE
"827","S2_5.2","Cq",45,45,FALSE
"828","S2_5.3","Cq",45,45,FALSE
"829","S2_5.4","Cq",45,45,FALSE
"830","S2_5.5","Cq",45,45,FALSE
"831","S2_5.6","Cq",45,45,FALSE
"832","S2_50.1","Cq",45,45,FALSE
"833","S2_50.2","Cq",45,45,FALSE
"834","S2_50.3","Cq",37.4521889649892,45,FALSE
"835","S2_50.4","Cq",45,45,FALSE
"836","S2_50.5","Cq",45,38.9008357937429,FALSE
"837","S2_50.6","Cq",45,45,FALSE
"838","S2_51.1","Cq",45,45,FALSE
"839","S2_51.2","Cq",45,45,FALSE
"840","S2_51.3","Cq",45,45,FALSE
"841","S2_51.4","Cq",45,45,FALSE
"842","S2_51.5","Cq",38.6125098240837,45,FALSE
"843","S2_51.6","Cq",45,45,FALSE
"844","S2_52.1","Cq",45,45,FALSE
"845","S2_52.2","Cq",45,45,FALSE
"846","S2_52.3","Cq",45,45,FALSE
"847","S2_52.4","Cq",45,45,FALSE
"848","S2_52.5","Cq",37.4621216472247,39.1496967826644,TRUE
"849","S2_52.6","Cq",45,45,FALSE
"850","S2_53.1","Cq",26.4212762814197,45,FALSE
"851","S2_53.3","Cq",45,45,FALSE
"852","S2_53.4","Cq",45,45,FALSE
"853","S2_53.5","Cq",45,45,FALSE
"854","S2_53.6","Cq",45,45,FALSE
"855","S2_54.1","Cq",45,45,FALSE
"856","S2_54.2","Cq",28.1999967603569,45,FALSE
"857","S2_54.3","Cq",26.6622884269836,45,FALSE
"858","S2_54.4","Cq",25.0169027709779,45,FALSE
"859","S2_54.5","Cq",25.9723202915918,45,FALSE
"860","S2_54.6","Cq",26.795164416732,39.5074332408114,TRUE
"861","S2_55.1","Cq",45,45,FALSE
"862","S2_55.2","Cq",45,45,FALSE
"863","S2_55.4","Cq",45,45,FALSE
"864","S2_55.5","Cq",45,45,FALSE
"865","S2_55.6","Cq",45,45,FALSE
"866","S2_56.1","Cq",45,45,FALSE
"867","S2_56.2","Cq",37.7047157965662,45,FALSE
"868","S2_56.4","Cq",45,45,FALSE
"869","S2_56.5","Cq",45,45,FALSE
"870","S2_56.6","Cq",45,45,FALSE
"871","S2_57.1","Cq",45,45,FALSE
"872","S2_57.2","Cq",45,45,FALSE
"873","S2_57.3","Cq",45,45,FALSE
"874","S2_57.4","Cq",45,45,FALSE
"875","S2_57.5","Cq",45,45,FALSE
"876","S2_57.6","Cq",45,45,FALSE
"877","S2_58.1","Cq",45,45,FALSE
"878","S2_58.2","Cq",45,45,FALSE
"879","S2_58.3","Cq",45,45,FALSE
"880","S2_58.4","Cq",39.578784451827,45,FALSE
"881","S2_58.5","Cq",45,45,FALSE
"882","S2_58.6","Cq",45,45,FALSE
"883","S2_59.1","Cq",45,45,FALSE
"884","S2_59.2","Cq",45,45,FALSE
"885","S2_59.3","Cq",45,45,FALSE
"886","S2_59.4","Cq",45,45,FALSE
"887","S2_59.5","Cq",45,45,FALSE
"888","S2_59.6","Cq",45,45,FALSE
"889","S2_6.1","Cq",32.5525780329043,45,FALSE
"890","S2_6.2","Cq",32.4726777910442,45,FALSE
"891","S2_6.3","Cq",31.7454316901091,45,FALSE
"892","S2_6.4","Cq",31.5346721390699,45,FALSE
"893","S2_6.5","Cq",34.6194165880229,45,FALSE
"894","S2_6.6","Cq",31.6828513121192,45,FALSE
"895","S2_60.1","Cq",45,45,FALSE
"896","S2_60.2","Cq",45,45,FALSE
"897","S2_60.3","Cq",45,45,FALSE
"898","S2_60.4","Cq",39.1604394092826,45,FALSE
"899","S2_60.5","Cq",45,45,FALSE
"900","S2_60.6","Cq",45,45,FALSE
"901","S2_61.1","Cq",45,45,FALSE
"902","S2_61.2","Cq",45,45,FALSE
"903","S2_61.3","Cq",37.2948346225512,38.8090778954375,TRUE
"904","S2_61.4","Cq",45,45,FALSE
"905","S2_61.5","Cq",45,45,FALSE
"906","S2_61.6","Cq",45,45,FALSE
"907","S2_62.1","Cq",38.3655739243504,45,FALSE
"908","S2_62.2","Cq",45,45,FALSE
"909","S2_62.3","Cq",38.545348428234,45,FALSE
"910","S2_62.4","Cq",45,45,FALSE
"911","S2_62.5","Cq",45,45,FALSE
"912","S2_62.6","Cq",9999,45,FALSE
"913","S2_63.1","Cq",45,45,FALSE
"914","S2_63.2","Cq",45,45,FALSE
"915","S2_63.3","Cq",45,45,FALSE
"916","S2_63.4","Cq",45,45,FALSE
"917","S2_63.5","Cq",45,45,FALSE
"918","S2_63.6","Cq",45,45,FALSE
"919","S2_64.1","Cq",45,45,FALSE
"920","S2_64.2","Cq",45,45,FALSE
"921","S2_64.3","Cq",45,45,FALSE
"922","S2_64.4","Cq",45,45,FALSE
"923","S2_64.5","Cq",45,45,FALSE
"924","S2_64.6","Cq",45,45,FALSE
"925","S2_65.1","Cq",45,45,FALSE
"926","S2_65.2","Cq",45,45,FALSE
"927","S2_65.3","Cq",45,45,FALSE
"928","S2_65.4","Cq",45,45,FALSE
"929","S2_65.5","Cq",45,45,FALSE
"930","S2_65.6","Cq",45,45,FALSE
"931","S2_66.1","Cq",39.4509033277165,45,FALSE
"932","S2_66.2","Cq",45,45,FALSE
"933","S2_66.3","Cq",45,45,FALSE
"934","S2_66.4","Cq",45,45,FALSE
"935","S2_66.5","Cq",45,45,FALSE
"936","S2_66.6","Cq",45,45,FALSE
"937","S2_67.1","Cq",25.3608658861121,45,FALSE
"938","S2_67.2","Cq",25.3865758518126,45,FALSE
"939","S2_67.3","Cq",24.2505390323507,45,FALSE
"940","S2_67.4","Cq",25.0233665938329,45,FALSE
"941","S2_67.5","Cq",25.0942072626971,45,FALSE
"942","S2_67.6","Cq",29.3098521605277,45,FALSE
"943","S2_68.1","Cq",25.523300044994,45,FALSE
"944","S2_68.2","Cq",24.1671925366222,45,FALSE
"945","S2_68.3","Cq",24.0610215534519,45,FALSE
"946","S2_68.4","Cq",26.0578064965318,45,FALSE
"947","S2_68.5","Cq",26.2053918604059,45,FALSE
"948","S2_68.6","Cq",25.5480143554324,45,FALSE
"949","S2_69.1","Cq",45,45,FALSE
"950","S2_69.2","Cq",45,45,FALSE
"951","S2_69.3","Cq",45,45,FALSE
"952","S2_69.4","Cq",45,45,FALSE
"953","S2_69.5","Cq",45,45,FALSE
"954","S2_69.6","Cq",45,45,FALSE
"955","S2_7.1","Cq",39.2025276348166,45,FALSE
"956","S2_7.2","Cq",45,45,FALSE
"957","S2_7.3","Cq",45,45,FALSE
"958","S2_7.4","Cq",45,45,FALSE
"959","S2_7.5","Cq",45,45,FALSE
"960","S2_7.6","Cq",45,45,FALSE
"961","S2_70.1","Cq",45,45,FALSE
"962","S2_70.2","Cq",45,45,FALSE
"963","S2_70.3","Cq",22.2205447609611,23.0896129326503,TRUE
"964","S2_70.4","Cq",45,45,FALSE
"965","S2_70.5","Cq",45,45,FALSE
"966","S2_70.6","Cq",45,45,FALSE
"967","S2_71.1","Cq",45,45,FALSE
"968","S2_71.2","Cq",45,45,FALSE
"969","S2_71.3","Cq",45,45,FALSE
"970","S2_71.4","Cq",45,45,FALSE
"971","S2_71.5","Cq",45,45,FALSE
"972","S2_71.6","Cq",45,45,FALSE
"973","S2_72.1","Cq",45,45,FALSE
"974","S2_72.2","Cq",45,45,FALSE
"975","S2_72.3","Cq",31.4665977870605,45,FALSE
"976","S2_72.4","Cq",45,45,FALSE
"977","S2_72.5","Cq",45,45,FALSE
"978","S2_72.6","Cq",45,45,FALSE
"979","S2_73.1","Cq",26.8948598734217,45,FALSE
"980","S2_73.2","Cq",22.0683817489393,45,FALSE
"981","S2_73.3","Cq",24.9234541843786,45,FALSE
"982","S2_73.4","Cq",25.8755919697103,45,FALSE
"983","S2_73.5","Cq",24.8565632594772,45,FALSE
"984","S2_73.6","Cq",29.1838380643387,45,FALSE
"985","S2_74.1","Cq",45,45,FALSE
"986","S2_74.2","Cq",45,45,FALSE
"987","S2_74.3","Cq",39.767883748449,45,FALSE
"988","S2_74.4","Cq",45,45,FALSE
"989","S2_74.5","Cq",39.6586501409218,45,FALSE
"990","S2_74.6","Cq",45,45,FALSE
"991","S2_75.1","Cq",45,45,FALSE
"992","S2_75.2","Cq",45,45,FALSE
"993","S2_75.3","Cq",45,45,FALSE
"994","S2_75.4","Cq",45,45,FALSE
"995","S2_75.5","Cq",45,45,FALSE
"996","S2_75.6","Cq",45,45,FALSE
"997","S2_76.1","Cq",45,45,FALSE
"998","S2_76.2","Cq",45,45,FALSE
"999","S2_76.3","Cq",45,45,FALSE
"1000","S2_76.4","Cq",45,45,FALSE
"1001","S2_76.5","Cq",45,45,FALSE
"1002","S2_76.6","Cq",45,45,FALSE
"1003","S2_77.1","Cq",28.6244313228764,45,FALSE
"1004","S2_77.2","Cq",30.255824927258,45,FALSE
"1005","S2_77.3","Cq",30.0664389661504,45,FALSE
"1006","S2_77.4","Cq",27.6180464488215,45,FALSE
"1007","S2_77.5","Cq",30.1593999417054,45,FALSE
"1008","S2_77.6","Cq",29.12958268,45,FALSE
"1009","S2_78.1","Cq",30.9973445525934,45,FALSE
"1010","S2_78.2","Cq",34.275819472629,45,FALSE
"1011","S2_78.3","Cq",30.2856366308754,45,FALSE
"1012","S2_78.4","Cq",31.3146758747669,45,FALSE
"1013","S2_78.5","Cq",28.2435549768401,45,FALSE
"1014","S2_78.6","Cq",28.40909911,45,FALSE
"1015","S2_79.1","Cq",45,45,FALSE
"1016","S2_79.2","Cq",45,45,FALSE
"1017","S2_79.3","Cq",39.04128577263,45,FALSE
"1018","S2_79.4","Cq",45,45,FALSE
"1019","S2_79.5","Cq",45,45,FALSE
"1020","S2_79.6","Cq",45,45,FALSE
"1021","S2_8.1","Cq",45,45,FALSE
"1022","S2_8.2","Cq",45,45,FALSE
"1023","S2_8.3","Cq",45,45,FALSE
"1024","S2_8.4","Cq",45,45,FALSE
"1025","S2_8.5","Cq",45,45,FALSE
"1026","S2_8.6","Cq",45,45,FALSE
"1027","S2_80.1","Cq",45,45,FALSE
"1028","S2_80.2","Cq",45,45,FALSE
"1029","S2_80.3","Cq",45,45,FALSE
"1030","S2_80.4","Cq",45,45,FALSE
"1031","S2_80.5","Cq",45,45,FALSE
"1032","S2_80.6","Cq",45,45,FALSE
"1033","S2_81.1","Cq",45,45,FALSE
"1034","S2_81.2","Cq",45,45,FALSE
"1035","S2_81.3","Cq",45,45,FALSE
"1036","S2_81.4","Cq",34.7181167393609,45,FALSE
"1037","S2_81.5","Cq",45,45,FALSE
"1038","S2_81.6","Cq",39.76696238,45,FALSE
"1039","S2_82.1","Cq",45,45,FALSE
"1040","S2_82.2","Cq",45,45,FALSE
"1041","S2_82.3","Cq",45,45,FALSE
"1042","S2_82.4","Cq",45,45,FALSE
"1043","S2_82.5","Cq",45,45,FALSE
"1044","S2_82.6","Cq",45,45,FALSE
"1045","S2_83.1","Cq",45,45,FALSE
"1046","S2_83.2","Cq",45,45,FALSE
"1047","S2_83.3","Cq",45,45,FALSE
"1048","S2_83.4","Cq",45,45,FALSE
"1049","S2_83.5","Cq",45,45,FALSE
"1050","S2_83.6","Cq",45,45,FALSE
"1051","S2_84.1","Cq",45,45,FALSE
"1052","S2_84.2","Cq",45,45,FALSE
"1053","S2_85.1","Cq",45,45,FALSE
"1054","S2_85.2","Cq",45,45,FALSE
"1055","S2_85.3","Cq",45,45,FALSE
"1056","S2_85.4","Cq",45,45,FALSE
"1057","S2_85.5","Cq",45,45,FALSE
"1058","S2_85.6","Cq",38.75542471,45,FALSE
"1059","S2_86.1","Cq",45,45,FALSE
"1060","S2_86.2","Cq",45,45,FALSE
"1061","S2_86.3","Cq",45,45,FALSE
"1062","S2_86.4","Cq",45,45,FALSE
"1063","S2_86.5","Cq",45,45,FALSE
"1064","S2_86.6","Cq",37.84617736,45,FALSE
"1065","S2_87.1","Cq",45,45,FALSE
"1066","S2_87.3","Cq",45,45,FALSE
"1067","S2_87.4","Cq",45,45,FALSE
"1068","S2_87.5","Cq",45,45,FALSE
"1069","S2_87.6","Cq",45,45,FALSE
"1070","S2_87.7","Cq",45,9999,FALSE
"1071","S2_88.1","Cq",45,45,FALSE
"1072","S2_88.2","Cq",29.21042368,45,FALSE
"1073","S2_88.3","Cq",45,45,FALSE
"1074","S2_88.4","Cq",45,45,FALSE
"1075","S2_88.5","Cq",45,45,FALSE
"1076","S2_88.6","Cq",45,45,FALSE
"1077","S2_89.1","Cq",26.364606928821,45,FALSE
"1078","S2_89.2","Cq",45,35.61335421,FALSE
"1079","S2_89.3","Cq",28.9752043409673,45,FALSE
"1080","S2_89.4","Cq",29.3410371214455,45,FALSE
"1081","S2_89.5","Cq",30.4539142248943,45,FALSE
"1082","S2_89.6","Cq",29.0304350316135,45,FALSE
"1083","S2_9.1","Cq",45,45,FALSE
"1084","S2_9.2","Cq",45,45,FALSE
"1085","S2_9.3","Cq",45,45,FALSE
"1086","S2_9.4","Cq",45,45,FALSE
"1087","S2_9.5","Cq",45,45,FALSE
"1088","S2_9.6","Cq",45,45,FALSE
"1089","S2_90.1","Cq",45,45,FALSE
"1090","S2_90.2","Cq",45,45,FALSE
"1091","S2_90.3","Cq",45,45,FALSE
"1092","S2_90.4","Cq",45,45,FALSE
"1093","S2_90.5","Cq",45,45,FALSE
"1094","S2_90.6","Cq",45,45,FALSE
