"","Sample","Target","1","2","3","4","5","6"
"1","S1_1.1000000000000001","lyta",45,NA,NA,NA,NA,NA
"2","S1_1.1000000000000001","piab",45,NA,NA,NA,NA,NA
"3","S1_1.2","lyta",45,NA,NA,NA,NA,NA
"4","S1_1.2","piab",45,NA,NA,NA,NA,NA
"5","S1_1.3","lyta",45,45,NA,NA,NA,NA
"6","S1_1.3","piab",45,NA,NA,NA,NA,NA
"7","S1_1.4","lyta",45,NA,NA,NA,NA,NA
"8","S1_1.4","piab",45,NA,NA,NA,NA,NA
"9","S1_1.5","lyta",45,NA,NA,NA,NA,NA
"10","S1_1.5","piab",45,NA,NA,NA,NA,NA
"11","S1_1.6","lyta",45,NA,NA,NA,NA,NA
"12","S1_1.6","piab",45,NA,NA,NA,NA,NA
"13","S1_10.1","lyta",45,NA,NA,NA,NA,NA
"14","S1_10.1","piab",45,NA,NA,NA,NA,NA
"15","S1_10.2","lyta",45,NA,NA,NA,NA,NA
"16","S1_10.2","piab",45,NA,NA,NA,NA,NA
"17","S1_10.3","lyta",45,45,NA,NA,NA,NA
"18","S1_10.3","piab",45,NA,NA,NA,NA,NA
"19","S1_10.4","lyta",45,NA,NA,NA,NA,NA
"20","S1_10.4","piab",45,45,NA,NA,NA,NA
"21","S1_10.5","lyta",45,NA,NA,NA,NA,NA
"22","S1_10.5","piab",45,NA,NA,NA,NA,NA
"23","S1_10.6","lyta",45,NA,NA,NA,NA,NA
"24","S1_10.6","piab",45,NA,NA,NA,NA,NA
"25","S1_100.1","lyta",35.9908114681768,NA,NA,NA,NA,NA
"26","S1_100.1","piab",39.0612513825403,45,45,NA,NA,NA
"27","S1_100.2","lyta",35.3054097894487,36.8867411073354,NA,NA,NA,NA
"28","S1_100.2","piab",45,45,45,NA,NA,NA
"29","S1_100.3","lyta",45,45,NA,NA,NA,NA
"30","S1_100.3","piab",45,45,45,NA,NA,NA
"31","S1_100.4","lyta",40.78765541,45,45,NA,NA,NA
"32","S1_100.4","piab",45,45,NA,NA,NA,NA
"33","S1_100.5","lyta",38.3756526299208,38.3756526299208,NA,NA,NA,NA
"34","S1_100.5","piab",45,45,NA,NA,NA,NA
"35","S1_100.59999999999999","lyta",37.4720068713489,37.4720068713489,NA,NA,NA,NA
"36","S1_100.59999999999999","piab",45,45,NA,NA,NA,NA
"37","S1_101.1","lyta",38.8406702552005,NA,NA,NA,NA,NA
"38","S1_101.1","piab",45,36.5356007654221,NA,NA,NA,NA
"39","S1_101.2","lyta",38.7548910609435,41.8134960057606,NA,NA,NA,NA
"40","S1_101.2","piab",45,39.4429792430639,45,NA,NA,NA
"41","S1_101.3","lyta",32.6007113483618,32.6007113483618,NA,NA,NA,NA
"42","S1_101.3","piab",45,45,NA,NA,NA,NA
"43","S1_101.4","lyta",35.4283348418126,35.4283348418126,NA,NA,NA,NA
"44","S1_101.4","piab",45,45,NA,NA,NA,NA
"45","S1_101.5","lyta",35.1236633922722,35.1236633922722,NA,NA,NA,NA
"46","S1_101.5","piab",45,45,NA,NA,NA,NA
"47","S1_101.59999999999999","lyta",45.6689340243025,45.6689340243025,NA,NA,NA,NA
"48","S1_101.59999999999999","piab",45,45,NA,NA,NA,NA
"49","S1_101.6","piab",45,NA,NA,NA,NA,NA
"50","S1_11.1","lyta",21.5647582630379,NA,NA,NA,NA,NA
"51","S1_11.1","piab",45,NA,NA,NA,NA,NA
"52","S1_11.2","lyta",22.7481955094564,NA,NA,NA,NA,NA
"53","S1_11.2","piab",45,45,NA,NA,NA,NA
"54","S1_11.3","lyta",24.1263759132415,20.2569763920983,NA,NA,NA,NA
"55","S1_11.3","piab",45,45,NA,NA,NA,NA
"56","S1_11.4","lyta",24.5914040842433,NA,NA,NA,NA,NA
"57","S1_11.4","piab",45,45,NA,NA,NA,NA
"58","S1_11.5","lyta",45,NA,NA,NA,NA,NA
"59","S1_11.5","piab",45,NA,NA,NA,NA,NA
"60","S1_11.6","lyta",45,NA,NA,NA,NA,NA
"61","S1_11.6","piab",45,NA,NA,NA,NA,NA
"62","S1_12.1","lyta",39.2593742165286,NA,NA,NA,NA,NA
"63","S1_12.1","piab",45,45,NA,NA,NA,NA
"64","S1_12.2","lyta",38.256968245671,38.0418182307345,NA,NA,NA,NA
"65","S1_12.2","piab",45,45,NA,NA,NA,NA
"66","S1_12.3","lyta",45,45,NA,NA,NA,NA
"67","S1_12.3","piab",45,45,NA,NA,NA,NA
"68","S1_12.4","lyta",45,45,NA,NA,NA,NA
"69","S1_12.4","piab",45,45,NA,NA,NA,NA
"70","S1_12.5","lyta",37.47978216,45,NA,NA,NA,NA
"71","S1_12.5","piab",45,NA,NA,NA,NA,NA
"72","S1_12.6","lyta",45,45,NA,NA,NA,NA
"73","S1_12.6","piab",45,NA,NA,NA,NA,NA
"74","S1_13.1","lyta",45,NA,NA,NA,NA,NA
"75","S1_13.1","piab",45,NA,NA,NA,NA,NA
"76","S1_13.2","lyta",36.59552103,45,NA,NA,NA,NA
"77","S1_13.2","piab",45,NA,NA,NA,NA,NA
"78","S1_13.3","lyta",45,45,45,NA,NA,NA
"79","S1_13.3","piab",45,NA,NA,NA,NA,NA
"80","S1_13.4","lyta",45,45,NA,NA,NA,NA
"81","S1_13.4","piab",45,NA,NA,NA,NA,NA
"82","S1_13.5","lyta",45,45,NA,NA,NA,NA
"83","S1_13.5","piab",45,NA,NA,NA,NA,NA
"84","S1_13.6","lyta",45,45,NA,NA,NA,NA
"85","S1_13.6","piab",45,NA,NA,NA,NA,NA
"86","S1_14.1","lyta",37.95387215,45,NA,NA,NA,NA
"87","S1_14.1","piab",45,NA,NA,NA,NA,NA
"88","S1_14.2","lyta",45,45,NA,NA,NA,NA
"89","S1_14.2","piab",45,NA,NA,NA,NA,NA
"90","S1_14.3","lyta",36.1023181839181,45,39.3067322362386,NA,NA,NA
"91","S1_14.3","piab",45,45,NA,NA,NA,NA
"92","S1_14.4","lyta",45,45,NA,NA,NA,NA
"93","S1_14.4","piab",45,NA,NA,NA,NA,NA
"94","S1_14.5","lyta",40.1101231346528,NA,NA,NA,NA,NA
"95","S1_14.5","piab",45,NA,NA,NA,NA,NA
"96","S1_14.6","lyta",45,45,NA,NA,NA,NA
"97","S1_14.6","piab",45,NA,NA,NA,NA,NA
"98","S1_15.1","lyta",45,NA,NA,NA,NA,NA
"99","S1_15.1","piab",45,NA,NA,NA,NA,NA
"100","S1_15.2","lyta",45,45,NA,NA,NA,NA
"101","S1_15.2","piab",45,NA,NA,NA,NA,NA
"102","S1_15.3","lyta",45,45,45,NA,NA,NA
"103","S1_15.3","piab",45,NA,NA,NA,NA,NA
"104","S1_15.4","lyta",45,45,NA,NA,NA,NA
"105","S1_15.4","piab",45,NA,NA,NA,NA,NA
"106","S1_15.5","lyta",39.89974872,45,NA,NA,NA,NA
"107","S1_15.5","piab",45,NA,NA,NA,NA,NA
"108","S1_15.6","lyta",45,45,NA,NA,NA,NA
"109","S1_15.6","piab",45,NA,NA,NA,NA,NA
"110","S1_16.1","lyta",45,NA,NA,NA,NA,NA
"111","S1_16.1","piab",45,NA,NA,NA,NA,NA
"112","S1_16.2","lyta",37.0409523125154,NA,NA,NA,NA,NA
"113","S1_16.2","piab",45,NA,NA,NA,NA,NA
"114","S1_16.3","lyta",40.83330203,37.32073882,45,45,NA,NA
"115","S1_16.3","piab",45,NA,NA,NA,NA,NA
"116","S1_16.4","lyta",44.4606986058463,NA,NA,NA,NA,NA
"117","S1_16.4","piab",45,NA,NA,NA,NA,NA
"118","S1_16.5","lyta",45,NA,NA,NA,NA,NA
"119","S1_16.5","piab",45,NA,NA,NA,NA,NA
"120","S1_16.6","lyta",45,NA,NA,NA,NA,NA
"121","S1_16.6","piab",45,NA,NA,NA,NA,NA
"122","S1_17.1","lyta",45,45,NA,NA,NA,NA
"123","S1_17.1","piab",45,39.8937338158994,45,NA,NA,NA
"124","S1_17.2","lyta",45,45.1808216974817,45,NA,NA,NA
"125","S1_17.2","piab",45,38.8901203839044,45,40.0261401943114,45,NA
"126","S1_17.3","lyta",45,45,45,NA,NA,NA
"127","S1_17.3","piab",45,45,45,45,NA,NA
"128","S1_17.4","lyta",40.4470182981976,NA,NA,NA,NA,NA
"129","S1_17.4","piab",45,45,NA,NA,NA,NA
"130","S1_17.5","lyta",45,NA,NA,NA,NA,NA
"131","S1_17.5","piab",45,45,NA,NA,NA,NA
"132","S1_17.6","lyta",45,NA,NA,NA,NA,NA
"133","S1_17.6","piab",45,45,NA,NA,NA,NA
"134","S1_18.1","lyta",45,NA,NA,NA,NA,NA
"135","S1_18.1","piab",45,45,NA,NA,NA,NA
"136","S1_18.2","lyta",45,NA,NA,NA,NA,NA
"137","S1_18.2","piab",45,45,NA,NA,NA,NA
"138","S1_18.3","lyta",45,45,NA,NA,NA,NA
"139","S1_18.3","piab",45,45,NA,NA,NA,NA
"140","S1_18.4","lyta",45,NA,NA,NA,NA,NA
"141","S1_18.4","piab",36.62524628,45,45,NA,NA,NA
"142","S1_18.5","lyta",45,NA,NA,NA,NA,NA
"143","S1_18.5","piab",45,45,NA,NA,NA,NA
"144","S1_18.6","lyta",45,NA,NA,NA,NA,NA
"145","S1_18.6","piab",45,45,NA,NA,NA,NA
"146","S1_19.100000000000001","lyta",45,NA,NA,NA,NA,NA
"147","S1_19.100000000000001","piab",45,NA,NA,NA,NA,NA
"148","S1_19.2","lyta",45,NA,NA,NA,NA,NA
"149","S1_19.2","piab",45,45,NA,NA,NA,NA
"150","S1_19.3","lyta",45,45,45,NA,NA,NA
"151","S1_19.3","piab",45,45,45,NA,NA,NA
"152","S1_19.4","lyta",43.4548619557197,45,NA,NA,NA,NA
"153","S1_19.4","piab",39.3297003941583,45,45,NA,NA,NA
"154","S1_19.5","lyta",45,NA,NA,NA,NA,NA
"155","S1_19.5","piab",45,45,NA,NA,NA,NA
"156","S1_19.6","lyta",45,NA,NA,NA,NA,NA
"157","S1_19.6","piab",45,45,NA,NA,NA,NA
"158","S1_2.1","lyta",45,NA,NA,NA,NA,NA
"159","S1_2.1","piab",45,NA,NA,NA,NA,NA
"160","S1_2.2","lyta",38.4745879823134,45,NA,NA,NA,NA
"161","S1_2.2","piab",45,45,NA,NA,NA,NA
"162","S1_2.3","lyta",37.4302081951327,45,NA,NA,NA,NA
"163","S1_2.3","piab",45,NA,NA,NA,NA,NA
"164","S1_2.4","lyta",45,NA,NA,NA,NA,NA
"165","S1_2.4","piab",45,NA,NA,NA,NA,NA
"166","S1_2.5","lyta",45,NA,NA,NA,NA,NA
"167","S1_2.5","piab",45,NA,NA,NA,NA,NA
"168","S1_2.6","lyta",45,NA,NA,NA,NA,NA
"169","S1_2.6","piab",45,NA,NA,NA,NA,NA
"170","S1_20.1","lyta",45,NA,NA,NA,NA,NA
"171","S1_20.1","piab",45,45,NA,NA,NA,NA
"172","S1_20.2","lyta",45,NA,NA,NA,NA,NA
"173","S1_20.2","piab",45,45,NA,NA,NA,NA
"174","S1_20.3","lyta",45,45,45,NA,NA,NA
"175","S1_20.3","piab",45,45,NA,NA,NA,NA
"176","S1_20.4","lyta",45,NA,NA,NA,NA,NA
"177","S1_20.4","piab",39.45845486,45,39.1352077138208,NA,NA,NA
"178","S1_20.5","lyta",45,NA,NA,NA,NA,NA
"179","S1_20.5","piab",45,NA,NA,NA,NA,NA
"180","S1_20.6","lyta",45,NA,NA,NA,NA,NA
"181","S1_20.6","piab",45,45,NA,NA,NA,NA
"182","S1_21.1","lyta",45,NA,NA,NA,NA,NA
"183","S1_21.1","piab",45,45,NA,NA,NA,NA
"184","S1_21.2","lyta",45,NA,NA,NA,NA,NA
"185","S1_21.2","piab",45,45,NA,NA,NA,NA
"186","S1_21.3","lyta",45,45,45,NA,NA,NA
"187","S1_21.3","piab",45,45,45,45,NA,NA
"188","S1_21.4","lyta",44.9004801610896,35.8194484120687,36.1607897194119,NA,NA,NA
"189","S1_21.4","piab",37.55789924,38.1215896240248,45,45,37.0319008938056,NA
"190","S1_21.5","lyta",45,NA,NA,NA,NA,NA
"191","S1_21.5","piab",45,45,NA,NA,NA,NA
"192","S1_21.6","lyta",45,NA,NA,NA,NA,NA
"193","S1_21.6","piab",45,45,NA,NA,NA,NA
"194","S1_22.1","lyta",45,NA,NA,NA,NA,NA
"195","S1_22.1","piab",45,NA,NA,NA,NA,NA
"196","S1_22.2","lyta",45,NA,NA,NA,NA,NA
"197","S1_22.2","piab",45,NA,NA,NA,NA,NA
"198","S1_22.3","lyta",45,45,45,NA,NA,NA
"199","S1_22.3","piab",45,NA,NA,NA,NA,NA
"200","S1_22.4","lyta",45,NA,NA,NA,NA,NA
"201","S1_22.4","piab",45,NA,NA,NA,NA,NA
"202","S1_22.5","lyta",45,NA,NA,NA,NA,NA
"203","S1_22.5","piab",45,NA,NA,NA,NA,NA
"204","S1_22.6","lyta",45,NA,NA,NA,NA,NA
"205","S1_22.6","piab",45,NA,NA,NA,NA,NA
"206","S1_23.1","lyta",45,NA,NA,NA,NA,NA
"207","S1_23.1","piab",45,45,NA,NA,NA,NA
"208","S1_23.2","lyta",45,NA,NA,NA,NA,NA
"209","S1_23.2","piab",45,NA,NA,NA,NA,NA
"210","S1_23.3","lyta",45,NA,NA,NA,NA,NA
"211","S1_23.3","piab",45,NA,NA,NA,NA,NA
"212","S1_23.4","lyta",45,45,NA,NA,NA,NA
"213","S1_23.4","piab",40.6339816281402,45,45,NA,NA,NA
"214","S1_23.5","lyta",45,NA,NA,NA,NA,NA
"215","S1_23.5","piab",45,NA,NA,NA,NA,NA
"216","S1_23.6","lyta",45,NA,NA,NA,NA,NA
"217","S1_23.6","piab",45,NA,NA,NA,NA,NA
"218","S1_24.1","lyta",45,NA,NA,NA,NA,NA
"219","S1_24.1","piab",45,45,NA,NA,NA,NA
"220","S1_24.2","lyta",45,NA,NA,NA,NA,NA
"221","S1_24.2","piab",45,NA,NA,NA,NA,NA
"222","S1_24.3","lyta",37.4205851,45,45,NA,NA,NA
"223","S1_24.3","piab",45,NA,NA,NA,NA,NA
"224","S1_24.4","lyta",45,NA,NA,NA,NA,NA
"225","S1_24.4","piab",45,NA,NA,NA,NA,NA
"226","S1_24.5","lyta",45,NA,NA,NA,NA,NA
"227","S1_24.5","piab",45,NA,NA,NA,NA,NA
"228","S1_24.6","lyta",45,NA,NA,NA,NA,NA
"229","S1_24.6","piab",45,NA,NA,NA,NA,NA
"230","S1_25.1","lyta",45,NA,NA,NA,NA,NA
"231","S1_25.1","piab",45,45,NA,NA,NA,NA
"232","S1_25.2","lyta",38.716500355621,NA,NA,NA,NA,NA
"233","S1_25.2","piab",45,45,NA,NA,NA,NA
"234","S1_25.3","lyta",45,45,NA,NA,NA,NA
"235","S1_25.3","piab",45,NA,NA,NA,NA,NA
"236","S1_25.4","lyta",45,NA,NA,NA,NA,NA
"237","S1_25.4","piab",45,NA,NA,NA,NA,NA
"238","S1_25.5","lyta",45,NA,NA,NA,NA,NA
"239","S1_25.5","piab",45,NA,NA,NA,NA,NA
"240","S1_25.6","lyta",45,NA,NA,NA,NA,NA
"241","S1_25.6","piab",45,NA,NA,NA,NA,NA
"242","S1_26.1","lyta",45,NA,NA,NA,NA,NA
"243","S1_26.1","piab",45,NA,NA,NA,NA,NA
"244","S1_26.2","lyta",37.0017576358758,NA,NA,NA,NA,NA
"245","S1_26.2","piab",45,NA,NA,NA,NA,NA
"246","S1_26.3","lyta",45,38.4276408411643,NA,NA,NA,NA
"247","S1_26.3","piab",45,NA,NA,NA,NA,NA
"248","S1_26.4","lyta",44.0562714644431,NA,NA,NA,NA,NA
"249","S1_26.4","piab",45,NA,NA,NA,NA,NA
"250","S1_26.5","lyta",45,NA,NA,NA,NA,NA
"251","S1_26.5","piab",45,NA,NA,NA,NA,NA
"252","S1_26.6","lyta",45,NA,NA,NA,NA,NA
"253","S1_26.6","piab",45,45,NA,NA,NA,NA
"254","S1_27.1","lyta",45,NA,NA,NA,NA,NA
"255","S1_27.1","piab",45,NA,NA,NA,NA,NA
"256","S1_27.2","lyta",45,NA,NA,NA,NA,NA
"257","S1_27.2","piab",45,NA,NA,NA,NA,NA
"258","S1_27.3","lyta",45,45,NA,NA,NA,NA
"259","S1_27.3","piab",45,NA,NA,NA,NA,NA
"260","S1_27.4","lyta",45,NA,NA,NA,NA,NA
"261","S1_27.4","piab",45,NA,NA,NA,NA,NA
"262","S1_27.5","lyta",45,NA,NA,NA,NA,NA
"263","S1_27.5","piab",45,NA,NA,NA,NA,NA
"264","S1_27.6","lyta",45,NA,NA,NA,NA,NA
"265","S1_27.6","piab",45,NA,NA,NA,NA,NA
"266","S1_28.1","lyta",22.1766692607417,NA,NA,NA,NA,NA
"267","S1_28.1","piab",45,NA,NA,NA,NA,NA
"268","S1_28.2","lyta",26.3403484881413,NA,NA,NA,NA,NA
"269","S1_28.2","piab",45,45,NA,NA,NA,NA
"270","S1_28.3","lyta",25.1002164801498,22.08039861251,NA,NA,NA,NA
"271","S1_28.3","piab",45,45,NA,NA,NA,NA
"272","S1_28.4","lyta",25.8095156880442,NA,NA,NA,NA,NA
"273","S1_28.4","piab",45,45,NA,NA,NA,NA
"274","S1_28.5","lyta",24.1616581389243,NA,NA,NA,NA,NA
"275","S1_28.5","piab",45,45,NA,NA,NA,NA
"276","S1_28.6","lyta",25.3079150524217,NA,NA,NA,NA,NA
"277","S1_28.6","piab",45,45,NA,NA,NA,NA
"278","S1_29.1","lyta",24.2455652392519,NA,NA,NA,NA,NA
"279","S1_29.1","piab",45,NA,NA,NA,NA,NA
"280","S1_29.2","lyta",21.6027603181027,NA,NA,NA,NA,NA
"281","S1_29.2","piab",45,45,NA,NA,NA,NA
"282","S1_29.3","lyta",31.9848170944523,23.4373639473608,NA,NA,NA,NA
"283","S1_29.3","piab",45,45,NA,NA,NA,NA
"284","S1_29.4","lyta",26.0112651807349,NA,NA,NA,NA,NA
"285","S1_29.4","piab",38.47962098,45,39.5818117720736,NA,NA,NA
"286","S1_29.5","lyta",25.9547643608801,NA,NA,NA,NA,NA
"287","S1_29.5","piab",45,45,NA,NA,NA,NA
"288","S1_29.6","lyta",28.7255329411526,NA,NA,NA,NA,NA
"289","S1_29.6","piab",45,NA,NA,NA,NA,NA
"290","S1_3.1","lyta",28.3132588842782,NA,NA,NA,NA,NA
"291","S1_3.1","piab",27.5649047729576,NA,NA,NA,NA,NA
"292","S1_3.2","lyta",25.0650798275618,NA,NA,NA,NA,NA
"293","S1_3.2","piab",26.0962915435147,NA,NA,NA,NA,NA
"294","S1_3.3","lyta",18.1916163519806,21.2552040987865,NA,NA,NA,NA
"295","S1_3.3","piab",20.0712638105098,NA,NA,NA,NA,NA
"296","S1_3.4","lyta",45,33.234796912035,NA,NA,NA,NA
"297","S1_3.4","piab",33.2800355472053,31.2258826166321,NA,NA,NA,NA
"298","S1_3.5","lyta",23.0670993799938,NA,NA,NA,NA,NA
"299","S1_3.5","piab",21.9782357615276,NA,NA,NA,NA,NA
"300","S1_3.6","lyta",27.5833702183879,NA,NA,NA,NA,NA
"301","S1_3.6","piab",26.7187939421651,NA,NA,NA,NA,NA
"302","S1_30.1","lyta",45,NA,NA,NA,NA,NA
"303","S1_30.1","piab",45,45,NA,NA,NA,NA
"304","S1_30.2","lyta",45,NA,NA,NA,NA,NA
"305","S1_30.2","piab",45,45,NA,NA,NA,NA
"306","S1_30.3","lyta",45,45,NA,NA,NA,NA
"307","S1_30.3","piab",45,NA,NA,NA,NA,NA
"308","S1_30.4","lyta",45,NA,NA,NA,NA,NA
"309","S1_30.4","piab",45,45,NA,NA,NA,NA
"310","S1_30.5","lyta",45,NA,NA,NA,NA,NA
"311","S1_30.5","piab",45,45,NA,NA,NA,NA
"312","S1_30.6","lyta",45,NA,NA,NA,NA,NA
"313","S1_30.6","piab",45,45,NA,NA,NA,NA
"314","S1_31.1","lyta",45,NA,NA,NA,NA,NA
"315","S1_31.1","piab",45,NA,NA,NA,NA,NA
"316","S1_31.2","lyta",45,NA,NA,NA,NA,NA
"317","S1_31.2","piab",45,45,NA,NA,NA,NA
"318","S1_31.3","lyta",45,45,NA,NA,NA,NA
"319","S1_31.3","piab",45,45,NA,NA,NA,NA
"320","S1_31.4","lyta",43.8316244038288,NA,NA,NA,NA,NA
"321","S1_31.4","piab",45,NA,NA,NA,NA,NA
"322","S1_31.5","lyta",45,45,NA,NA,NA,NA
"323","S1_31.5","piab",45,NA,NA,NA,NA,NA
"324","S1_31.6","lyta",45,45,NA,NA,NA,NA
"325","S1_31.6","piab",45,NA,NA,NA,NA,NA
"326","S1_32.1","lyta",45,45,NA,NA,NA,NA
"327","S1_32.1","piab",45,NA,NA,NA,NA,NA
"328","S1_32.2","lyta",45,45,NA,NA,NA,NA
"329","S1_32.2","piab",45,NA,NA,NA,NA,NA
"330","S1_32.3","lyta",45,45,NA,NA,NA,NA
"331","S1_32.3","piab",45,45,NA,NA,NA,NA
"332","S1_32.4","lyta",45,45,NA,NA,NA,NA
"333","S1_32.4","piab",45,NA,NA,NA,NA,NA
"334","S1_32.5","lyta",45,45,NA,NA,NA,NA
"335","S1_32.5","piab",45,NA,NA,NA,NA,NA
"336","S1_32.6","lyta",45,45,NA,NA,NA,NA
"337","S1_32.6","piab",45,NA,NA,NA,NA,NA
"338","S1_33.1","lyta",30.6712254966198,NA,NA,NA,NA,NA
"339","S1_33.1","piab",30.06899687,30.1783386455946,NA,NA,NA,NA
"340","S1_33.2","lyta",28.9411367216727,NA,NA,NA,NA,NA
"341","S1_33.2","piab",29.48035409,29.3349386271749,NA,NA,NA,NA
"342","S1_33.3","lyta",27.1988854542884,NA,NA,NA,NA,NA
"343","S1_33.3","piab",45,27.2274650281319,NA,NA,NA,NA
"344","S1_33.4","lyta",21.9814716138855,23.3299411834145,NA,NA,NA,NA
"345","S1_33.4","piab",22.997667652866,NA,NA,NA,NA,NA
"346","S1_33.5","lyta",45,38.9580562474595,45,NA,NA,NA
"347","S1_33.5","piab",45,45,45,45,45,NA
"348","S1_33.6","lyta",33.5028061460122,NA,NA,NA,NA,NA
"349","S1_33.6","piab",29.28791587,30.793714843215,NA,NA,NA,NA
"350","S1_34.1","lyta",22.1469421203051,NA,NA,NA,NA,NA
"351","S1_34.1","piab",45,45,NA,NA,NA,NA
"352","S1_34.2","lyta",22.1343538455459,28.4653209644733,NA,NA,NA,NA
"353","S1_34.2","piab",45,38.4421703340177,45,45,NA,NA
"354","S1_34.3","lyta",22.9753480353861,NA,NA,NA,NA,NA
"355","S1_34.3","piab",45,45,45,NA,NA,NA
"356","S1_34.4","lyta",23.6153773230255,27.8591736275724,NA,NA,NA,NA
"357","S1_34.4","piab",40.26485333,38.8762774324284,36.0297805065493,38.1378227804491,NA,NA
"358","S1_34.5","lyta",25.7460587143805,NA,NA,NA,NA,NA
"359","S1_34.5","piab",45,45,45,NA,NA,NA
"360","S1_34.6","lyta",25.6514980062253,NA,NA,NA,NA,NA
"361","S1_34.6","piab",45,45,NA,NA,NA,NA
"362","S1_35.1","lyta",19.9550024017987,NA,NA,NA,NA,NA
"363","S1_35.1","piab",45,45,NA,NA,NA,NA
"364","S1_35.2","lyta",23.7033767519504,NA,NA,NA,NA,NA
"365","S1_35.2","piab",45,45,45,NA,NA,NA
"366","S1_35.3","lyta",21.8185598602083,NA,NA,NA,NA,NA
"367","S1_35.3","piab",45,NA,NA,NA,NA,NA
"368","S1_35.4","lyta",24.6395044856326,NA,NA,NA,NA,NA
"369","S1_35.4","piab",38.81207309,45,45,NA,NA,NA
"370","S1_35.5","lyta",23.5969307241439,NA,NA,NA,NA,NA
"371","S1_35.5","piab",45,NA,NA,NA,NA,NA
"372","S1_35.6","lyta",26.5573478227013,NA,NA,NA,NA,NA
"373","S1_35.6","piab",45,NA,NA,NA,NA,NA
"374","S1_36.1","lyta",31.3144944262173,36.657434720478,NA,NA,NA,NA
"375","S1_36.1","piab",45,45,45,39.2522135583653,NA,NA
"376","S1_36.2","lyta",26.43865573,32.7286095000633,NA,NA,NA,NA
"377","S1_36.2","piab",34.17099937,45,45,45,NA,NA
"378","S1_36.3","lyta",22.8003047382683,28.535040578674,NA,NA,NA,NA
"379","S1_36.3","piab",45,45,45,37.9548006609181,NA,NA
"380","S1_36.4","lyta",21.6202953853141,25.7223471477426,26.3223670558916,NA,NA,NA
"381","S1_36.4","piab",39.6444768084804,36.708070639603,39.8925610168218,37.3293319263334,NA,NA
"382","S1_36.5","lyta",26.8018206108438,29.8952054465551,30.0554970964541,NA,NA,NA
"383","S1_36.5","piab",38.5339690960164,42.5112979543242,45,45,NA,NA
"384","S1_36.6","lyta",24.7326810394756,27.105282504675,NA,NA,NA,NA
"385","S1_36.6","piab",45,45,45,NA,NA,NA
"386","S1_37.1","lyta",45,45,45,NA,NA,NA
"387","S1_37.1","piab",45,42.9538161396531,45,45,45,NA
"388","S1_37.2","lyta",45,NA,NA,NA,NA,NA
"389","S1_37.2","piab",45,NA,NA,NA,NA,NA
"390","S1_37.3","lyta",45,45,NA,NA,NA,NA
"391","S1_37.3","piab",45,NA,NA,NA,NA,NA
"392","S1_37.4","lyta",45,NA,NA,NA,NA,NA
"393","S1_37.4","piab",45,NA,NA,NA,NA,NA
"394","S1_37.5","lyta",45,45,NA,NA,NA,NA
"395","S1_37.5","piab",45,NA,NA,NA,NA,NA
"396","S1_37.6","lyta",45,45,NA,NA,NA,NA
"397","S1_37.6","piab",45,NA,NA,NA,NA,NA
"398","S1_38.1","piab",45,NA,NA,NA,NA,NA
"399","S1_39.1","piab",45,NA,NA,NA,NA,NA
"400","S1_4.1","lyta",45,45,27.4314497332336,45,NA,NA
"401","S1_4.1","piab",37.0366572789192,37.0364200120978,45,NA,NA,NA
"402","S1_4.2","lyta",45,45,NA,NA,NA,NA
"403","S1_4.2","piab",45,45,45,NA,NA,NA
"404","S1_4.3","lyta",45,45,45,NA,NA,NA
"405","S1_4.3","piab",45,45,NA,NA,NA,NA
"406","S1_4.4","lyta",45,NA,NA,NA,NA,NA
"407","S1_4.4","piab",45,NA,NA,NA,NA,NA
"408","S1_4.5","lyta",45,NA,NA,NA,NA,NA
"409","S1_4.5","piab",45,NA,NA,NA,NA,NA
"410","S1_4.6","lyta",45,NA,NA,NA,NA,NA
"411","S1_4.6","piab",45,NA,NA,NA,NA,NA
"412","S1_40.1","lyta",45,NA,NA,NA,NA,NA
"413","S1_40.1","piab",45,45,45,NA,NA,NA
"414","S1_40.2","lyta",45,45,36.2099189646027,NA,NA,NA
"415","S1_40.2","piab",32.40503242,39.9724892171153,38.0123260131077,45,NA,NA
"416","S1_40.3","lyta",45,45,NA,NA,NA,NA
"417","S1_40.3","piab",45,45,NA,NA,NA,NA
"418","S1_40.4","lyta",45,45,NA,NA,NA,NA
"419","S1_40.4","piab",40.0323732291677,45,NA,NA,NA,NA
"420","S1_40.5","lyta",45,45,NA,NA,NA,NA
"421","S1_40.5","piab",45,NA,NA,NA,NA,NA
"422","S1_40.6","lyta",45,45,NA,NA,NA,NA
"423","S1_40.6","piab",45,NA,NA,NA,NA,NA
"424","S1_41.1","lyta",16.4922124163246,NA,NA,NA,NA,NA
"425","S1_41.1","piab",20.87683544,15.8192179171506,NA,NA,NA,NA
"426","S1_41.2","lyta",20.38183456,NA,NA,NA,NA,NA
"427","S1_41.2","piab",21.94192227,22.0931602829382,NA,NA,NA,NA
"428","S1_41.3","lyta",38.0952848610418,26.9296450858724,NA,NA,NA,NA
"429","S1_41.3","piab",27.7336921602024,26.4844721353653,NA,NA,NA,NA
"430","S1_41.4","lyta",20.2283445892635,NA,NA,NA,NA,NA
"431","S1_41.4","piab",20.42746665,20.7826116861193,NA,NA,NA,NA
"432","S1_41.5","lyta",23.4085931558306,NA,NA,NA,NA,NA
"433","S1_41.5","piab",22.9196101564778,NA,NA,NA,NA,NA
"434","S1_41.6","lyta",19.1687704204476,NA,NA,NA,NA,NA
"435","S1_41.6","piab",17.821008263282,NA,NA,NA,NA,NA
"436","S1_42.1","lyta",45,45,45,45,45,NA
"437","S1_42.1","piab",35.9988161990365,45,45,45,39.9686338283509,45
"438","S1_42.2","lyta",45,45,NA,NA,NA,NA
"439","S1_42.2","piab",45,NA,NA,NA,NA,NA
"440","S1_42.3","lyta",45,45,NA,NA,NA,NA
"441","S1_42.3","piab",45,NA,NA,NA,NA,NA
"442","S1_42.4","lyta",45,45,NA,NA,NA,NA
"443","S1_42.4","piab",45,NA,NA,NA,NA,NA
"444","S1_42.5","lyta",45,45,NA,NA,NA,NA
"445","S1_42.5","piab",45,NA,NA,NA,NA,NA
"446","S1_42.6","lyta",34.69906081,45,NA,NA,NA,NA
"447","S1_42.6","piab",45,NA,NA,NA,NA,NA
"448","S1_43.1","lyta",45,NA,NA,NA,NA,NA
"449","S1_43.1","piab",45,45,NA,NA,NA,NA
"450","S1_43.2","lyta",37.47612385,NA,NA,NA,NA,NA
"451","S1_43.2","piab",45,45,NA,NA,NA,NA
"452","S1_43.3","lyta",37.1095830152808,38.5077017935131,NA,NA,NA,NA
"453","S1_43.3","piab",38.4736710849707,45,45,NA,NA,NA
"454","S1_43.4","lyta",45,NA,NA,NA,NA,NA
"455","S1_43.4","piab",45,45,NA,NA,NA,NA
"456","S1_43.5","lyta",45,45,NA,NA,NA,NA
"457","S1_43.5","piab",45,45,NA,NA,NA,NA
"458","S1_43.6","lyta",45,45,45,NA,NA,NA
"459","S1_43.6","piab",38.9017818975391,45,45,27.9095107457159,NA,NA
"460","S1_44.1","lyta",45,36.7720203581652,NA,NA,NA,NA
"461","S1_44.1","piab",37.3141475272678,45,35.9663387552537,NA,NA,NA
"462","S1_44.2","lyta",45,NA,NA,NA,NA,NA
"463","S1_44.2","piab",45,45,NA,NA,NA,NA
"464","S1_44.3","lyta",45,NA,NA,NA,NA,NA
"465","S1_44.3","piab",45,45,NA,NA,NA,NA
"466","S1_44.4","lyta",33.091408581142,32.2784567352888,NA,NA,NA,NA
"467","S1_44.4","piab",33.7230064320604,35.2705145472907,NA,NA,NA,NA
"468","S1_44.5","lyta",45,NA,NA,NA,NA,NA
"469","S1_44.5","piab",45,45,NA,NA,NA,NA
"470","S1_44.6","lyta",45,NA,NA,NA,NA,NA
"471","S1_44.6","piab",45,45,NA,NA,NA,NA
"472","S1_45.1","lyta",45,45,45,45,NA,NA
"473","S1_45.1","piab",37.2297331466863,45,45,45,45,NA
"474","S1_45.2","lyta",45,45,NA,NA,NA,NA
"475","S1_45.2","piab",45,45,45,NA,NA,NA
"476","S1_45.3","lyta",38.5050730578286,45,NA,NA,NA,NA
"477","S1_45.3","piab",45,45,45,NA,NA,NA
"478","S1_45.4","lyta",45,NA,NA,NA,NA,NA
"479","S1_45.4","piab",45,NA,NA,NA,NA,NA
"480","S1_45.5","lyta",45,NA,NA,NA,NA,NA
"481","S1_45.5","piab",45,NA,NA,NA,NA,NA
"482","S1_45.6","lyta",45,NA,NA,NA,NA,NA
"483","S1_45.6","piab",45,NA,NA,NA,NA,NA
"484","S1_46.1","lyta",38.4198869178005,NA,NA,NA,NA,NA
"485","S1_46.1","piab",45,45,NA,NA,NA,NA
"486","S1_46.2","lyta",45,NA,NA,NA,NA,NA
"487","S1_46.2","piab",45,NA,NA,NA,NA,NA
"488","S1_46.3","lyta",45,NA,NA,NA,NA,NA
"489","S1_46.3","piab",45,NA,NA,NA,NA,NA
"490","S1_46.4","lyta",45,NA,NA,NA,NA,NA
"491","S1_46.4","piab",45,NA,NA,NA,NA,NA
"492","S1_46.5","lyta",39.4456423749819,NA,NA,NA,NA,NA
"493","S1_46.5","piab",45,NA,NA,NA,NA,NA
"494","S1_46.6","lyta",45,NA,NA,NA,NA,NA
"495","S1_46.6","piab",45,NA,NA,NA,NA,NA
"496","S1_47.1","lyta",45,NA,NA,NA,NA,NA
"497","S1_47.1","piab",40.4697611438442,NA,NA,NA,NA,NA
"498","S1_47.2","lyta",45,NA,NA,NA,NA,NA
"499","S1_47.2","piab",45,NA,NA,NA,NA,NA
"500","S1_47.3","lyta",36.9616698480213,NA,NA,NA,NA,NA
"501","S1_47.3","piab",45,45,NA,NA,NA,NA
"502","S1_47.4","lyta",45,NA,NA,NA,NA,NA
"503","S1_47.4","piab",45,NA,NA,NA,NA,NA
"504","S1_47.5","lyta",45,NA,NA,NA,NA,NA
"505","S1_47.5","piab",45,NA,NA,NA,NA,NA
"506","S1_47.6","lyta",45,NA,NA,NA,NA,NA
"507","S1_47.6","piab",45,NA,NA,NA,NA,NA
"508","S1_49.4","lyta",45,NA,NA,NA,NA,NA
"509","S1_5.1","lyta",45,NA,NA,NA,NA,NA
"510","S1_5.1","piab",45,NA,NA,NA,NA,NA
"511","S1_5.2","lyta",45,NA,NA,NA,NA,NA
"512","S1_5.2","piab",45,NA,NA,NA,NA,NA
"513","S1_5.3","lyta",45,45,NA,NA,NA,NA
"514","S1_5.3","piab",45,NA,NA,NA,NA,NA
"515","S1_5.4","lyta",21.652628358987,NA,NA,NA,NA,NA
"516","S1_5.4","piab",45,NA,NA,NA,NA,NA
"517","S1_5.5","lyta",24.6903749685355,NA,NA,NA,NA,NA
"518","S1_5.5","piab",45,45,NA,NA,NA,NA
"519","S1_5.6","lyta",27.5355735361832,30.0604931961925,NA,NA,NA,NA
"520","S1_5.6","piab",45,45,45,NA,NA,NA
"521","S1_50.1","lyta",37.689618623943,NA,NA,NA,NA,NA
"522","S1_50.1","piab",45,NA,NA,NA,NA,NA
"523","S1_50.2","lyta",25.07631254,NA,NA,NA,NA,NA
"524","S1_50.2","piab",45,NA,NA,NA,NA,NA
"525","S1_50.3","lyta",29.1631913727106,NA,NA,NA,NA,NA
"526","S1_50.3","piab",45,NA,NA,NA,NA,NA
"527","S1_50.4","lyta",26.2492143423172,NA,NA,NA,NA,NA
"528","S1_50.4","piab",45,NA,NA,NA,NA,NA
"529","S1_50.5","lyta",29.4189050744338,NA,NA,NA,NA,NA
"530","S1_50.5","piab",45,NA,NA,NA,NA,NA
"531","S1_50.6","lyta",30.0314150789465,NA,NA,NA,NA,NA
"532","S1_50.6","piab",45,NA,NA,NA,NA,NA
"533","S1_51.1","lyta",45,NA,NA,NA,NA,NA
"534","S1_51.1","piab",45,NA,NA,NA,NA,NA
"535","S1_51.2","lyta",36.80744468,NA,NA,NA,NA,NA
"536","S1_51.2","piab",45,45,NA,NA,NA,NA
"537","S1_51.3","lyta",37.1031630316145,NA,NA,NA,NA,NA
"538","S1_51.3","piab",45,NA,NA,NA,NA,NA
"539","S1_51.4","lyta",39.6782346063049,NA,NA,NA,NA,NA
"540","S1_51.4","piab",45,NA,NA,NA,NA,NA
"541","S1_51.5","lyta",45,NA,NA,NA,NA,NA
"542","S1_51.5","piab",45,NA,NA,NA,NA,NA
"543","S1_51.6","lyta",44.8094145431389,NA,NA,NA,NA,NA
"544","S1_51.6","piab",45,NA,NA,NA,NA,NA
"545","S1_52.1","lyta",45,NA,NA,NA,NA,NA
"546","S1_52.1","piab",45,NA,NA,NA,NA,NA
"547","S1_52.2","lyta",45,NA,NA,NA,NA,NA
"548","S1_52.2","piab",45,NA,NA,NA,NA,NA
"549","S1_52.3","lyta",45,NA,NA,NA,NA,NA
"550","S1_52.3","piab",45,NA,NA,NA,NA,NA
"551","S1_52.4","lyta",45,NA,NA,NA,NA,NA
"552","S1_52.4","piab",45,NA,NA,NA,NA,NA
"553","S1_52.5","lyta",45,NA,NA,NA,NA,NA
"554","S1_52.5","piab",45,NA,NA,NA,NA,NA
"555","S1_52.6","lyta",45,NA,NA,NA,NA,NA
"556","S1_52.6","piab",45,NA,NA,NA,NA,NA
"557","S1_53.1","lyta",45,NA,NA,NA,NA,NA
"558","S1_53.1","piab",45,NA,NA,NA,NA,NA
"559","S1_53.2","lyta",45,NA,NA,NA,NA,NA
"560","S1_53.2","piab",45,NA,NA,NA,NA,NA
"561","S1_53.3","lyta",45,NA,NA,NA,NA,NA
"562","S1_53.3","piab",45,NA,NA,NA,NA,NA
"563","S1_53.4","lyta",45,NA,NA,NA,NA,NA
"564","S1_53.4","piab",45,NA,NA,NA,NA,NA
"565","S1_53.5","lyta",45,NA,NA,NA,NA,NA
"566","S1_53.5","piab",45,NA,NA,NA,NA,NA
"567","S1_53.6","lyta",45,NA,NA,NA,NA,NA
"568","S1_53.6","piab",45,NA,NA,NA,NA,NA
"569","S1_54.1","lyta",45,NA,NA,NA,NA,NA
"570","S1_54.1","piab",45,NA,NA,NA,NA,NA
"571","S1_54.2","lyta",45,NA,NA,NA,NA,NA
"572","S1_54.2","piab",45,NA,NA,NA,NA,NA
"573","S1_54.3","lyta",45,NA,NA,NA,NA,NA
"574","S1_54.3","piab",45,45,NA,NA,NA,NA
"575","S1_54.4","lyta",45,NA,NA,NA,NA,NA
"576","S1_54.4","piab",45,NA,NA,NA,NA,NA
"577","S1_54.5","lyta",45,NA,NA,NA,NA,NA
"578","S1_54.5","piab",45,NA,NA,NA,NA,NA
"579","S1_54.6","lyta",45,NA,NA,NA,NA,NA
"580","S1_54.6","piab",45,NA,NA,NA,NA,NA
"581","S1_55.1","lyta",45,NA,NA,NA,NA,NA
"582","S1_55.1","piab",45,NA,NA,NA,NA,NA
"583","S1_55.2","lyta",45,NA,NA,NA,NA,NA
"584","S1_55.2","piab",45,NA,NA,NA,NA,NA
"585","S1_55.3","lyta",45,NA,NA,NA,NA,NA
"586","S1_55.3","piab",45,NA,NA,NA,NA,NA
"587","S1_55.4","lyta",45,NA,NA,NA,NA,NA
"588","S1_55.4","piab",45,NA,NA,NA,NA,NA
"589","S1_55.5","lyta",45,37.0496435591767,37.7859716402298,NA,NA,NA
"590","S1_55.5","piab",45,38.9183818612371,45,45,NA,NA
"591","S1_55.6","lyta",45,NA,NA,NA,NA,NA
"592","S1_55.6","piab",45,NA,NA,NA,NA,NA
"593","S1_56.1","lyta",45,NA,NA,NA,NA,NA
"594","S1_56.1","piab",45,NA,NA,NA,NA,NA
"595","S1_56.2","lyta",45,NA,NA,NA,NA,NA
"596","S1_56.2","piab",45,NA,NA,NA,NA,NA
"597","S1_56.3","lyta",45,NA,NA,NA,NA,NA
"598","S1_56.3","piab",45,NA,NA,NA,NA,NA
"599","S1_56.4","lyta",45,NA,NA,NA,NA,NA
"600","S1_56.4","piab",45,NA,NA,NA,NA,NA
"601","S1_56.5","lyta",38.30950123,45,NA,NA,NA,NA
"602","S1_56.5","piab",45,NA,NA,NA,NA,NA
"603","S1_56.6","lyta",45,NA,NA,NA,NA,NA
"604","S1_56.6","piab",45,NA,NA,NA,NA,NA
"605","S1_57.1","lyta",37.00051391,45,NA,NA,NA,NA
"606","S1_57.1","piab",45,NA,NA,NA,NA,NA
"607","S1_57.2","lyta",45,NA,NA,NA,NA,NA
"608","S1_57.2","piab",45,NA,NA,NA,NA,NA
"609","S1_57.3","lyta",38.7474558815533,NA,NA,NA,NA,NA
"610","S1_57.3","piab",45,NA,NA,NA,NA,NA
"611","S1_57.4","lyta",45,NA,NA,NA,NA,NA
"612","S1_57.4","piab",45,NA,NA,NA,NA,NA
"613","S1_57.5","lyta",45,NA,NA,NA,NA,NA
"614","S1_57.5","piab",45,NA,NA,NA,NA,NA
"615","S1_57.6","lyta",45,NA,NA,NA,NA,NA
"616","S1_57.6","piab",45,NA,NA,NA,NA,NA
"617","S1_6.2","lyta",29.3851734014072,NA,NA,NA,NA,NA
"618","S1_6.2","piab",45,NA,NA,NA,NA,NA
"619","S1_6.3","lyta",28.9170690970076,30.2699426466838,NA,NA,NA,NA
"620","S1_6.3","piab",45,45,NA,NA,NA,NA
"621","S1_6.4","lyta",24.1040784544396,NA,NA,NA,NA,NA
"622","S1_6.4","piab",45,45,NA,NA,NA,NA
"623","S1_6.5","lyta",22.045583140502,NA,NA,NA,NA,NA
"624","S1_6.5","piab",45,45,NA,NA,NA,NA
"625","S1_6.6","lyta",25.2134754717604,NA,NA,NA,NA,NA
"626","S1_6.6","piab",45,45,NA,NA,NA,NA
"627","S1_60.1","lyta",45,NA,NA,NA,NA,NA
"628","S1_60.1","piab",45,NA,NA,NA,NA,NA
"629","S1_60.2","lyta",31.89237611,NA,NA,NA,NA,NA
"630","S1_60.2","piab",37.26573985,45,45,NA,NA,NA
"631","S1_60.3","lyta",31.0302567028728,NA,NA,NA,NA,NA
"632","S1_60.3","piab",45,NA,NA,NA,NA,NA
"633","S1_60.4","lyta",36.4159608332748,NA,NA,NA,NA,NA
"634","S1_60.4","piab",45,NA,NA,NA,NA,NA
"635","S1_60.5","lyta",31.7776620529965,NA,NA,NA,NA,NA
"636","S1_60.5","piab",45,NA,NA,NA,NA,NA
"637","S1_60.6","lyta",38.499271860713,NA,NA,NA,NA,NA
"638","S1_60.6","piab",45,NA,NA,NA,NA,NA
"639","S1_61.1","lyta",24.458202823538,NA,NA,NA,NA,NA
"640","S1_61.1","piab",45,NA,NA,NA,NA,NA
"641","S1_61.2","lyta",29.12968156,NA,NA,NA,NA,NA
"642","S1_61.2","piab",45,NA,NA,NA,NA,NA
"643","S1_61.3","lyta",35.1792508006858,NA,NA,NA,NA,NA
"644","S1_61.3","piab",45,NA,NA,NA,NA,NA
"645","S1_61.4","lyta",45,NA,NA,NA,NA,NA
"646","S1_61.4","piab",45,NA,NA,NA,NA,NA
"647","S1_61.5","lyta",39.7104664885872,NA,NA,NA,NA,NA
"648","S1_61.5","piab",45,NA,NA,NA,NA,NA
"649","S1_61.6","lyta",41.7897636751788,NA,NA,NA,NA,NA
"650","S1_61.6","piab",45,NA,NA,NA,NA,NA
"651","S1_62.1","lyta",45,NA,NA,NA,NA,NA
"652","S1_62.1","piab",45,NA,NA,NA,NA,NA
"653","S1_62.3","lyta",45,NA,NA,NA,NA,NA
"654","S1_62.3","piab",45,NA,NA,NA,NA,NA
"655","S1_62.4","lyta",45,NA,NA,NA,NA,NA
"656","S1_62.4","piab",45,NA,NA,NA,NA,NA
"657","S1_62.5","lyta",35.5413483753388,35.0745667258769,NA,NA,NA,NA
"658","S1_62.5","piab",33.5454960069469,45,NA,NA,NA,NA
"659","S1_62.6","lyta",45,NA,NA,NA,NA,NA
"660","S1_62.6","piab",45,NA,NA,NA,NA,NA
"661","S1_63.1","lyta",45,NA,NA,NA,NA,NA
"662","S1_63.1","piab",45,NA,NA,NA,NA,NA
"663","S1_63.3","lyta",45,NA,NA,NA,NA,NA
"664","S1_63.3","piab",45,45,NA,NA,NA,NA
"665","S1_63.4","lyta",45,NA,NA,NA,NA,NA
"666","S1_63.4","piab",45,NA,NA,NA,NA,NA
"667","S1_63.5","lyta",45,NA,NA,NA,NA,NA
"668","S1_63.5","piab",45,45,NA,NA,NA,NA
"669","S1_63.6","lyta",34.8908047358396,33.241595773125,NA,NA,NA,NA
"670","S1_63.6","piab",32.5740357870963,31.0009101893277,NA,NA,NA,NA
"671","S1_64.1","lyta",21.9993369849721,NA,NA,NA,NA,NA
"672","S1_64.1","piab",45,NA,NA,NA,NA,NA
"673","S1_64.2","lyta",28.24154219,NA,NA,NA,NA,NA
"674","S1_64.2","piab",45,NA,NA,NA,NA,NA
"675","S1_64.3","lyta",23.6683502575944,NA,NA,NA,NA,NA
"676","S1_64.3","piab",45,NA,NA,NA,NA,NA
"677","S1_64.4","lyta",25.0895815323971,NA,NA,NA,NA,NA
"678","S1_64.4","piab",45,NA,NA,NA,NA,NA
"679","S1_64.5","lyta",24.5710044785636,NA,NA,NA,NA,NA
"680","S1_64.5","piab",45,NA,NA,NA,NA,NA
"681","S1_64.6","lyta",29.0491929700786,NA,NA,NA,NA,NA
"682","S1_64.6","piab",45,NA,NA,NA,NA,NA
"683","S1_65.1","lyta",45,NA,NA,NA,NA,NA
"684","S1_65.1","piab",45,45,NA,NA,NA,NA
"685","S1_65.2","lyta",45,NA,NA,NA,NA,NA
"686","S1_65.2","piab",45,NA,NA,NA,NA,NA
"687","S1_65.3","lyta",45,45,45,45,NA,NA
"688","S1_65.3","piab",37.102420395172,37.937848598395,45,45,NA,NA
"689","S1_65.4","lyta",45,NA,NA,NA,NA,NA
"690","S1_65.4","piab",45,45,NA,NA,NA,NA
"691","S1_65.5","lyta",45,NA,NA,NA,NA,NA
"692","S1_65.5","piab",45,45,NA,NA,NA,NA
"693","S1_65.6","lyta",45,NA,NA,NA,NA,NA
"694","S1_65.6","piab",45,45,NA,NA,NA,NA
"695","S1_66.1","lyta",45,NA,NA,NA,NA,NA
"696","S1_66.1","piab",45,45,NA,NA,NA,NA
"697","S1_66.2","lyta",45,NA,NA,NA,NA,NA
"698","S1_66.2","piab",45,NA,NA,NA,NA,NA
"699","S1_66.3","lyta",38.3730362319526,NA,NA,NA,NA,NA
"700","S1_66.3","piab",45,NA,NA,NA,NA,NA
"701","S1_66.4","lyta",45,NA,NA,NA,NA,NA
"702","S1_66.4","piab",45,45,NA,NA,NA,NA
"703","S1_66.5","lyta",45,NA,NA,NA,NA,NA
"704","S1_66.5","piab",45,45,NA,NA,NA,NA
"705","S1_66.6","lyta",45,NA,NA,NA,NA,NA
"706","S1_66.6","piab",45,45,NA,NA,NA,NA
"707","S1_67.1","lyta",45,NA,NA,NA,NA,NA
"708","S1_67.1","piab",45,NA,NA,NA,NA,NA
"709","S1_67.2","lyta",45,NA,NA,NA,NA,NA
"710","S1_67.2","piab",45,NA,NA,NA,NA,NA
"711","S1_67.3","lyta",38.5670477499732,NA,NA,NA,NA,NA
"712","S1_67.3","piab",45,NA,NA,NA,NA,NA
"713","S1_67.4","lyta",45,NA,NA,NA,NA,NA
"714","S1_67.4","piab",45,NA,NA,NA,NA,NA
"715","S1_67.5","lyta",45,NA,NA,NA,NA,NA
"716","S1_67.5","piab",45,NA,NA,NA,NA,NA
"717","S1_67.6","lyta",45,NA,NA,NA,NA,NA
"718","S1_67.6","piab",45,NA,NA,NA,NA,NA
"719","S1_68.1","lyta",45,45,NA,NA,NA,NA
"720","S1_68.1","piab",45,NA,NA,NA,NA,NA
"721","S1_68.2","lyta",45,NA,NA,NA,NA,NA
"722","S1_68.2","piab",45,NA,NA,NA,NA,NA
"723","S1_68.3","lyta",45,NA,NA,NA,NA,NA
"724","S1_68.3","piab",45,NA,NA,NA,NA,NA
"725","S1_68.4","lyta",45,NA,NA,NA,NA,NA
"726","S1_68.4","piab",45,NA,NA,NA,NA,NA
"727","S1_68.5","lyta",45,NA,NA,NA,NA,NA
"728","S1_68.5","piab",45,NA,NA,NA,NA,NA
"729","S1_68.6","lyta",45,45,NA,NA,NA,NA
"730","S1_68.6","piab",38.8639298355437,45,45,NA,NA,NA
"731","S1_69.1","lyta",45,NA,NA,NA,NA,NA
"732","S1_69.1","piab",45,NA,NA,NA,NA,NA
"733","S1_69.2","lyta",45,NA,NA,NA,NA,NA
"734","S1_69.2","piab",45,NA,NA,NA,NA,NA
"735","S1_69.3","lyta",45,NA,NA,NA,NA,NA
"736","S1_69.3","piab",45,NA,NA,NA,NA,NA
"737","S1_69.4","lyta",45,NA,NA,NA,NA,NA
"738","S1_69.4","piab",45,NA,NA,NA,NA,NA
"739","S1_69.5","lyta",45,NA,NA,NA,NA,NA
"740","S1_69.5","piab",45,NA,NA,NA,NA,NA
"741","S1_69.6","lyta",45,45,NA,NA,NA,NA
"742","S1_69.6","piab",38.8073732516555,45,45,NA,NA,NA
"743","S1_7.1","lyta",45,45,45,NA,NA,NA
"744","S1_7.1","piab",40.1621348986912,45,45,45,NA,NA
"745","S1_7.2","lyta",45,NA,NA,NA,NA,NA
"746","S1_7.2","piab",45,NA,NA,NA,NA,NA
"747","S1_7.3","lyta",45,45,NA,NA,NA,NA
"748","S1_7.3","piab",45,NA,NA,NA,NA,NA
"749","S1_7.4","lyta",45,NA,NA,NA,NA,NA
"750","S1_7.4","piab",45,NA,NA,NA,NA,NA
"751","S1_7.5","lyta",45,NA,NA,NA,NA,NA
"752","S1_7.5","piab",45,NA,NA,NA,NA,NA
"753","S1_7.6","lyta",45,NA,NA,NA,NA,NA
"754","S1_7.6","piab",45,NA,NA,NA,NA,NA
"755","S1_70.1","lyta",45,NA,NA,NA,NA,NA
"756","S1_70.1","piab",45,NA,NA,NA,NA,NA
"757","S1_70.2","lyta",45,NA,NA,NA,NA,NA
"758","S1_70.2","piab",45,NA,NA,NA,NA,NA
"759","S1_70.3","lyta",45,NA,NA,NA,NA,NA
"760","S1_70.3","piab",45,NA,NA,NA,NA,NA
"761","S1_70.4","lyta",38.38494766,45,NA,NA,NA,NA
"762","S1_70.4","piab",45,NA,NA,NA,NA,NA
"763","S1_70.5","lyta",45,NA,NA,NA,NA,NA
"764","S1_70.5","piab",45,NA,NA,NA,NA,NA
"765","S1_70.6","lyta",45,NA,NA,NA,NA,NA
"766","S1_70.6","piab",45,NA,NA,NA,NA,NA
"767","S1_71.1","lyta",45,NA,NA,NA,NA,NA
"768","S1_71.1","piab",45,NA,NA,NA,NA,NA
"769","S1_71.2","lyta",45,35.3568236897613,NA,NA,NA,NA
"770","S1_71.2","piab",45,45,NA,NA,NA,NA
"771","S1_71.3","lyta",45,NA,NA,NA,NA,NA
"772","S1_71.3","piab",45,NA,NA,NA,NA,NA
"773","S1_71.4","lyta",45,NA,NA,NA,NA,NA
"774","S1_71.4","piab",45,NA,NA,NA,NA,NA
"775","S1_71.5","lyta",45,NA,NA,NA,NA,NA
"776","S1_71.5","piab",45,NA,NA,NA,NA,NA
"777","S1_71.6","lyta",45,NA,NA,NA,NA,NA
"778","S1_71.6","piab",45,NA,NA,NA,NA,NA
"779","S1_72.1","lyta",28.1815254398646,NA,NA,NA,NA,NA
"780","S1_72.1","piab",45,NA,NA,NA,NA,NA
"781","S1_72.2","lyta",27.98955705,NA,NA,NA,NA,NA
"782","S1_72.2","piab",45,NA,NA,NA,NA,NA
"783","S1_72.3","lyta",27.2663887274767,NA,NA,NA,NA,NA
"784","S1_72.3","piab",45,NA,NA,NA,NA,NA
"785","S1_72.4","lyta",29.8241447923726,NA,NA,NA,NA,NA
"786","S1_72.4","piab",45,NA,NA,NA,NA,NA
"787","S1_72.5","lyta",28.1785974440536,NA,NA,NA,NA,NA
"788","S1_72.5","piab",45,NA,NA,NA,NA,NA
"789","S1_72.6","lyta",27.7519955558607,NA,NA,NA,NA,NA
"790","S1_72.6","piab",45,NA,NA,NA,NA,NA
"791","S1_73.1","lyta",45,NA,NA,NA,NA,NA
"792","S1_73.1","piab",45,NA,NA,NA,NA,NA
"793","S1_73.2","lyta",45,NA,NA,NA,NA,NA
"794","S1_73.2","piab",45,NA,NA,NA,NA,NA
"795","S1_73.3","lyta",30.5070637060291,NA,NA,NA,NA,NA
"796","S1_73.3","piab",45,NA,NA,NA,NA,NA
"797","S1_73.4","lyta",45,NA,NA,NA,NA,NA
"798","S1_73.4","piab",45,NA,NA,NA,NA,NA
"799","S1_73.5","lyta",45,NA,NA,NA,NA,NA
"800","S1_73.5","piab",45,NA,NA,NA,NA,NA
"801","S1_73.6","lyta",45,NA,NA,NA,NA,NA
"802","S1_73.6","piab",45,NA,NA,NA,NA,NA
"803","S1_74.099999999999994","lyta",45,NA,NA,NA,NA,NA
"804","S1_74.099999999999994","piab",45,NA,NA,NA,NA,NA
"805","S1_74.2","lyta",32.38303101,NA,NA,NA,NA,NA
"806","S1_74.2","piab",45,NA,NA,NA,NA,NA
"807","S1_74.3","lyta",37.0374604477967,NA,NA,NA,NA,NA
"808","S1_74.3","piab",45,NA,NA,NA,NA,NA
"809","S1_74.4","lyta",45,41.5252584108757,NA,NA,NA,NA
"810","S1_74.4","piab",45,45,NA,NA,NA,NA
"811","S1_74.5","lyta",37.5143690846193,NA,NA,NA,NA,NA
"812","S1_74.5","piab",45,NA,NA,NA,NA,NA
"813","S1_74.6","lyta",38.2541024970001,NA,NA,NA,NA,NA
"814","S1_74.6","piab",45,NA,NA,NA,NA,NA
"815","S1_75.1","lyta",21.1652831298916,NA,NA,NA,NA,NA
"816","S1_75.1","piab",45,NA,NA,NA,NA,NA
"817","S1_75.2","lyta",23.06153883,NA,NA,NA,NA,NA
"818","S1_75.2","piab",45,NA,NA,NA,NA,NA
"819","S1_75.3","lyta",26.8422486276714,NA,NA,NA,NA,NA
"820","S1_75.3","piab",45,NA,NA,NA,NA,NA
"821","S1_75.4","lyta",45,34.8996177763818,NA,NA,NA,NA
"822","S1_75.4","piab",45,45,NA,NA,NA,NA
"823","S1_75.5","lyta",27.3134398310376,NA,NA,NA,NA,NA
"824","S1_75.5","piab",45,NA,NA,NA,NA,NA
"825","S1_75.6","lyta",27.1553687248027,NA,NA,NA,NA,NA
"826","S1_75.6","piab",45,NA,NA,NA,NA,NA
"827","S1_76.1","lyta",28.6818430905257,NA,NA,NA,NA,NA
"828","S1_76.1","piab",45,NA,NA,NA,NA,NA
"829","S1_76.2","lyta",31.3541825,NA,NA,NA,NA,NA
"830","S1_76.2","piab",45,NA,NA,NA,NA,NA
"831","S1_76.3","lyta",37.1662262731377,NA,NA,NA,NA,NA
"832","S1_76.3","piab",45,NA,NA,NA,NA,NA
"833","S1_76.4","lyta",33.68267427714,NA,NA,NA,NA,NA
"834","S1_76.4","piab",45,NA,NA,NA,NA,NA
"835","S1_76.5","lyta",33.8209608824963,NA,NA,NA,NA,NA
"836","S1_76.5","piab",45,NA,NA,NA,NA,NA
"837","S1_76.6","lyta",35.0968188473657,NA,NA,NA,NA,NA
"838","S1_76.6","piab",45,NA,NA,NA,NA,NA
"839","S1_77.1","lyta",45,NA,NA,NA,NA,NA
"840","S1_77.1","piab",45,NA,NA,NA,NA,NA
"841","S1_77.2","lyta",45,45,NA,NA,NA,NA
"842","S1_77.2","piab",45,45,NA,NA,NA,NA
"843","S1_77.3","lyta",45,45,NA,NA,NA,NA
"844","S1_77.3","piab",38.2174011412926,45,45,NA,NA,NA
"845","S1_77.4","lyta",45,NA,NA,NA,NA,NA
"846","S1_77.4","piab",45,NA,NA,NA,NA,NA
"847","S1_77.5","lyta",45,NA,NA,NA,NA,NA
"848","S1_77.5","piab",45,NA,NA,NA,NA,NA
"849","S1_77.6","lyta",45,45,NA,NA,NA,NA
"850","S1_77.6","piab",45,NA,NA,NA,NA,NA
"851","S1_78.1","lyta",45,NA,NA,NA,NA,NA
"852","S1_78.1","piab",45,NA,NA,NA,NA,NA
"853","S1_78.2","lyta",45,37.7192212740487,39.806795457951,NA,NA,NA
"854","S1_78.2","piab",38.7699715583047,45,45,36.8397933113346,NA,NA
"855","S1_78.3","lyta",45,NA,NA,NA,NA,NA
"856","S1_78.3","piab",45,NA,NA,NA,NA,NA
"857","S1_78.4","lyta",45,NA,NA,NA,NA,NA
"858","S1_78.4","piab",45,NA,NA,NA,NA,NA
"859","S1_78.5","lyta",45,NA,NA,NA,NA,NA
"860","S1_78.5","piab",45,NA,NA,NA,NA,NA
"861","S1_78.6","lyta",45,NA,NA,NA,NA,NA
"862","S1_78.6","piab",45,NA,NA,NA,NA,NA
"863","S1_79.1","lyta",20.8174668336491,26.1958365309814,NA,NA,NA,NA
"864","S1_79.1","piab",45,41.2498391630862,45,NA,NA,NA
"865","S1_79.2","lyta",24.71436389,30.0094697458902,NA,NA,NA,NA
"866","S1_79.2","piab",45,45,45,NA,NA,NA
"867","S1_79.3","lyta",25.7941220541551,28.617320166743,NA,NA,NA,NA
"868","S1_79.3","piab",32.454004445647,31.0748971759977,NA,NA,NA,NA
"869","S1_79.4","lyta",23.525918120754,25.843861510404,NA,NA,NA,NA
"870","S1_79.4","piab",45,45,45,NA,NA,NA
"871","S1_79.5","lyta",23.9370535070123,26.2696468279011,NA,NA,NA,NA
"872","S1_79.5","piab",45,45,45,NA,NA,NA
"873","S1_79.6","lyta",24.7081726562772,27.0764760632988,NA,NA,NA,NA
"874","S1_79.6","piab",45,45,45,NA,NA,NA
"875","S1_8.1","lyta",45,NA,NA,NA,NA,NA
"876","S1_8.1","piab",45,NA,NA,NA,NA,NA
"877","S1_8.2","lyta",45,NA,NA,NA,NA,NA
"878","S1_8.2","piab",45,NA,NA,NA,NA,NA
"879","S1_8.3","lyta",45,45,NA,NA,NA,NA
"880","S1_8.3","piab",45,NA,NA,NA,NA,NA
"881","S1_8.4","lyta",45,NA,NA,NA,NA,NA
"882","S1_8.4","piab",45,NA,NA,NA,NA,NA
"883","S1_8.5","lyta",45,NA,NA,NA,NA,NA
"884","S1_8.5","piab",45,NA,NA,NA,NA,NA
"885","S1_8.6","lyta",45,NA,NA,NA,NA,NA
"886","S1_8.6","piab",45,NA,NA,NA,NA,NA
"887","S1_80.1","lyta",45,NA,NA,NA,NA,NA
"888","S1_80.1","piab",45,NA,NA,NA,NA,NA
"889","S1_80.2","lyta",45,NA,NA,NA,NA,NA
"890","S1_80.2","piab",45,NA,NA,NA,NA,NA
"891","S1_80.3","lyta",45,NA,NA,NA,NA,NA
"892","S1_80.3","piab",45,NA,NA,NA,NA,NA
"893","S1_80.4","lyta",45,NA,NA,NA,NA,NA
"894","S1_80.4","piab",45,NA,NA,NA,NA,NA
"895","S1_80.5","lyta",45,NA,NA,NA,NA,NA
"896","S1_80.5","piab",45,NA,NA,NA,NA,NA
"897","S1_80.6","lyta",45,NA,NA,NA,NA,NA
"898","S1_80.6","piab",45,NA,NA,NA,NA,NA
"899","S1_81.1","lyta",45,45,NA,NA,NA,NA
"900","S1_81.1","piab",45,NA,NA,NA,NA,NA
"901","S1_81.2","lyta",45,45,NA,NA,NA,NA
"902","S1_81.2","piab",45,NA,NA,NA,NA,NA
"903","S1_81.3","lyta",45,NA,NA,NA,NA,NA
"904","S1_81.3","piab",45,NA,NA,NA,NA,NA
"905","S1_81.4","lyta",45,NA,NA,NA,NA,NA
"906","S1_81.4","piab",45,NA,NA,NA,NA,NA
"907","S1_81.5","lyta",45,NA,NA,NA,NA,NA
"908","S1_81.5","piab",45,NA,NA,NA,NA,NA
"909","S1_81.6","lyta",45,NA,NA,NA,NA,NA
"910","S1_81.6","piab",45,NA,NA,NA,NA,NA
"911","S1_82.1","lyta",45,NA,NA,NA,NA,NA
"912","S1_82.1","piab",45,NA,NA,NA,NA,NA
"913","S1_82.2","lyta",45,NA,NA,NA,NA,NA
"914","S1_82.2","piab",45,NA,NA,NA,NA,NA
"915","S1_82.3","lyta",45,NA,NA,NA,NA,NA
"916","S1_82.3","piab",45,NA,NA,NA,NA,NA
"917","S1_82.4","lyta",45,NA,NA,NA,NA,NA
"918","S1_82.4","piab",45,NA,NA,NA,NA,NA
"919","S1_82.5","lyta",45,NA,NA,NA,NA,NA
"920","S1_82.5","piab",45,NA,NA,NA,NA,NA
"921","S1_82.6","lyta",45,NA,NA,NA,NA,NA
"922","S1_82.6","piab",45,NA,NA,NA,NA,NA
"923","S1_83.1","lyta",45,NA,NA,NA,NA,NA
"924","S1_83.1","piab",45,NA,NA,NA,NA,NA
"925","S1_83.2","lyta",45,45,NA,NA,NA,NA
"926","S1_83.2","piab",45,NA,NA,NA,NA,NA
"927","S1_83.3","lyta",45,NA,NA,NA,NA,NA
"928","S1_83.3","piab",45,NA,NA,NA,NA,NA
"929","S1_83.4","lyta",45,NA,NA,NA,NA,NA
"930","S1_83.4","piab",45,NA,NA,NA,NA,NA
"931","S1_83.5","lyta",45,NA,NA,NA,NA,NA
"932","S1_83.5","piab",45,NA,NA,NA,NA,NA
"933","S1_83.6","lyta",45,NA,NA,NA,NA,NA
"934","S1_83.6","piab",45,NA,NA,NA,NA,NA
"935","S1_84.1","lyta",43.924573695327,NA,NA,NA,NA,NA
"936","S1_84.1","piab",45,NA,NA,NA,NA,NA
"937","S1_84.2","lyta",45,NA,NA,NA,NA,NA
"938","S1_84.2","piab",45,NA,NA,NA,NA,NA
"939","S1_84.3","lyta",45,NA,NA,NA,NA,NA
"940","S1_84.3","piab",45,NA,NA,NA,NA,NA
"941","S1_84.4","lyta",45,NA,NA,NA,NA,NA
"942","S1_84.4","piab",45,NA,NA,NA,NA,NA
"943","S1_84.5","lyta",45,NA,NA,NA,NA,NA
"944","S1_84.5","piab",45,NA,NA,NA,NA,NA
"945","S1_84.6","lyta",42.17474622,45,NA,NA,NA,NA
"946","S1_84.6","piab",45,NA,NA,NA,NA,NA
"947","S1_85.1","lyta",45,NA,NA,NA,NA,NA
"948","S1_85.1","piab",45,NA,NA,NA,NA,NA
"949","S1_85.2","lyta",45,45,NA,NA,NA,NA
"950","S1_85.2","piab",45,NA,NA,NA,NA,NA
"951","S1_85.3","lyta",45,NA,NA,NA,NA,NA
"952","S1_85.3","piab",45,NA,NA,NA,NA,NA
"953","S1_85.4","lyta",34.61375767,45,NA,NA,NA,NA
"954","S1_85.4","piab",45,NA,NA,NA,NA,NA
"955","S1_85.5","lyta",45,NA,NA,NA,NA,NA
"956","S1_85.5","piab",45,NA,NA,NA,NA,NA
"957","S1_85.6","lyta",45,NA,NA,NA,NA,NA
"958","S1_85.6","piab",45,NA,NA,NA,NA,NA
"959","S1_86.1","lyta",45,NA,NA,NA,NA,NA
"960","S1_86.1","piab",45,NA,NA,NA,NA,NA
"961","S1_86.2","lyta",45,45,45,NA,NA,NA
"962","S1_86.2","piab",45,NA,NA,NA,NA,NA
"963","S1_86.3","lyta",45,NA,NA,NA,NA,NA
"964","S1_86.3","piab",45,NA,NA,NA,NA,NA
"965","S1_86.4","lyta",45,NA,NA,NA,NA,NA
"966","S1_86.4","piab",45,NA,NA,NA,NA,NA
"967","S1_86.5","lyta",45,NA,NA,NA,NA,NA
"968","S1_86.5","piab",45,NA,NA,NA,NA,NA
"969","S1_86.6","lyta",45,NA,NA,NA,NA,NA
"970","S1_86.6","piab",45,NA,NA,NA,NA,NA
"971","S1_87.1","lyta",45,NA,NA,NA,NA,NA
"972","S1_87.1","piab",45,NA,NA,NA,NA,NA
"973","S1_87.2","lyta",45,45,NA,NA,NA,NA
"974","S1_87.2","piab",45,NA,NA,NA,NA,NA
"975","S1_87.3","lyta",45,NA,NA,NA,NA,NA
"976","S1_87.3","piab",45,NA,NA,NA,NA,NA
"977","S1_87.4","lyta",45,NA,NA,NA,NA,NA
"978","S1_87.4","piab",45,NA,NA,NA,NA,NA
"979","S1_87.5","lyta",45,NA,NA,NA,NA,NA
"980","S1_87.5","piab",45,NA,NA,NA,NA,NA
"981","S1_87.6","lyta",45,NA,NA,NA,NA,NA
"982","S1_87.6","piab",45,NA,NA,NA,NA,NA
"983","S1_88.1","lyta",45,NA,NA,NA,NA,NA
"984","S1_88.1","piab",45,NA,NA,NA,NA,NA
"985","S1_88.2","lyta",45,39.3850897980494,NA,NA,NA,NA
"986","S1_88.2","piab",45,NA,NA,NA,NA,NA
"987","S1_88.3","lyta",45,NA,NA,NA,NA,NA
"988","S1_88.3","piab",45,NA,NA,NA,NA,NA
"989","S1_88.4","lyta",38.15323919,45,NA,NA,NA,NA
"990","S1_88.4","piab",45,NA,NA,NA,NA,NA
"991","S1_88.5","lyta",45,NA,NA,NA,NA,NA
"992","S1_88.5","piab",45,NA,NA,NA,NA,NA
"993","S1_88.6","lyta",38.2051456836266,NA,NA,NA,NA,NA
"994","S1_88.6","piab",45,NA,NA,NA,NA,NA
"995","S1_89.1","lyta",45,NA,NA,NA,NA,NA
"996","S1_89.1","piab",45,NA,NA,NA,NA,NA
"997","S1_89.2","lyta",45,45,NA,NA,NA,NA
"998","S1_89.2","piab",45,NA,NA,NA,NA,NA
"999","S1_89.3","lyta",45,NA,NA,NA,NA,NA
"1000","S1_89.3","piab",45,NA,NA,NA,NA,NA
"1001","S1_89.4","lyta",45,NA,NA,NA,NA,NA
"1002","S1_89.4","piab",45,NA,NA,NA,NA,NA
"1003","S1_89.5","lyta",45,NA,NA,NA,NA,NA
"1004","S1_89.5","piab",45,NA,NA,NA,NA,NA
"1005","S1_89.6","lyta",44.3668574340609,NA,NA,NA,NA,NA
"1006","S1_89.6","piab",45,NA,NA,NA,NA,NA
"1007","S1_9.1","lyta",33.6282401803122,NA,NA,NA,NA,NA
"1008","S1_9.1","piab",45,NA,NA,NA,NA,NA
"1009","S1_9.2","lyta",45,NA,NA,NA,NA,NA
"1010","S1_9.2","piab",45,NA,NA,NA,NA,NA
"1011","S1_9.3","lyta",37.4906504467462,45,NA,NA,NA,NA
"1012","S1_9.3","piab",38.93132791,45,39.7855804422904,NA,NA,NA
"1013","S1_9.4","lyta",45,NA,NA,NA,NA,NA
"1014","S1_9.4","piab",45,NA,NA,NA,NA,NA
"1015","S1_9.5","lyta",45,NA,NA,NA,NA,NA
"1016","S1_9.5","piab",45,NA,NA,NA,NA,NA
"1017","S1_9.6","lyta",45,NA,NA,NA,NA,NA
"1018","S1_9.6","piab",45,NA,NA,NA,NA,NA
"1019","S1_90.1","lyta",45,NA,NA,NA,NA,NA
"1020","S1_90.1","piab",45,NA,NA,NA,NA,NA
"1021","S1_90.2","lyta",45,45,45,NA,NA,NA
"1022","S1_90.2","piab",45,NA,NA,NA,NA,NA
"1023","S1_90.3","lyta",45,NA,NA,NA,NA,NA
"1024","S1_90.3","piab",45,NA,NA,NA,NA,NA
"1025","S1_90.4","lyta",45,45,NA,NA,NA,NA
"1026","S1_90.4","piab",45,45,NA,NA,NA,NA
"1027","S1_90.5","lyta",45,NA,NA,NA,NA,NA
"1028","S1_90.5","piab",45,NA,NA,NA,NA,NA
"1029","S1_90.6","lyta",45,NA,NA,NA,NA,NA
"1030","S1_90.6","piab",45,NA,NA,NA,NA,NA
"1031","S1_91.1","lyta",45,NA,NA,NA,NA,NA
"1032","S1_91.1","piab",45,NA,NA,NA,NA,NA
"1033","S1_91.2","lyta",45,45,NA,NA,NA,NA
"1034","S1_91.2","piab",45,NA,NA,NA,NA,NA
"1035","S1_91.3","lyta",45,NA,NA,NA,NA,NA
"1036","S1_91.3","piab",45,NA,NA,NA,NA,NA
"1037","S1_91.4","lyta",45,NA,NA,NA,NA,NA
"1038","S1_91.4","piab",45,45,NA,NA,NA,NA
"1039","S1_91.5","lyta",45,NA,NA,NA,NA,NA
"1040","S1_91.5","piab",45,45,NA,NA,NA,NA
"1041","S1_91.6","lyta",45,NA,NA,NA,NA,NA
"1042","S1_91.6","piab",45,45,NA,NA,NA,NA
"1043","S1_92.1","lyta",24.441560671893,30.5909452499764,30.0396790486114,NA,NA,NA
"1044","S1_92.1","piab",31.5585223293265,31.7806931865362,34.4954654908059,NA,NA,NA
"1045","S1_92.2","lyta",28.4539738419176,25.6826634956719,29.3434031039668,NA,NA,NA
"1046","S1_92.2","piab",45,45,42.9156699442598,NA,NA,NA
"1047","S1_92.3","lyta",26.9719196128003,27.1403028973498,32.0339592178655,NA,NA,NA
"1048","S1_92.3","piab",45,45,45,45,NA,NA
"1049","S1_92.4","lyta",26.0771738217182,26.3211020670752,32.0656673208095,NA,NA,NA
"1050","S1_92.4","piab",45,45,45,45,NA,NA
"1051","S1_92.5","lyta",24.5703830208684,27.4703577855382,NA,NA,NA,NA
"1052","S1_92.5","piab",33.1755696505387,33.8129099534496,NA,NA,NA,NA
"1053","S1_92.599999999999994","lyta",25.0053899200377,25.0053899200377,NA,NA,NA,NA
"1054","S1_92.599999999999994","piab",25.743840543983,25.743840543983,NA,NA,NA,NA
"1055","S1_92.6","lyta",25.5985532428509,NA,NA,NA,NA,NA
"1056","S1_92.6","piab",27.6386898417073,NA,NA,NA,NA,NA
"1057","S1_93.1","lyta",45,NA,NA,NA,NA,NA
"1058","S1_93.1","piab",45,45,NA,NA,NA,NA
"1059","S1_93.2","lyta",45,45,45,NA,NA,NA
"1060","S1_93.2","piab",45,NA,NA,NA,NA,NA
"1061","S1_93.3","lyta",45,NA,NA,NA,NA,NA
"1062","S1_93.3","piab",45,NA,NA,NA,NA,NA
"1063","S1_93.4","lyta",45,NA,NA,NA,NA,NA
"1064","S1_93.4","piab",45,NA,NA,NA,NA,NA
"1065","S1_93.5","lyta",45,NA,NA,NA,NA,NA
"1066","S1_93.5","piab",45,45,NA,NA,NA,NA
"1067","S1_93.599999999999994","lyta",38.962167044781,38.962167044781,NA,NA,NA,NA
"1068","S1_93.599999999999994","piab",45,45,NA,NA,NA,NA
"1069","S1_94.1","lyta",45,NA,NA,NA,NA,NA
"1070","S1_94.1","piab",45,45,NA,NA,NA,NA
"1071","S1_94.2","lyta",45,45,NA,NA,NA,NA
"1072","S1_94.2","piab",45,NA,NA,NA,NA,NA
"1073","S1_94.3","lyta",45,NA,NA,NA,NA,NA
"1074","S1_94.3","piab",45,45,NA,NA,NA,NA
"1075","S1_94.4","lyta",38.79370307,45,NA,NA,NA,NA
"1076","S1_94.4","piab",45,NA,NA,NA,NA,NA
"1077","S1_94.5","lyta",41.4982962404239,NA,NA,NA,NA,NA
"1078","S1_94.5","piab",45,NA,NA,NA,NA,NA
"1079","S1_94.599999999999994","lyta",37.6042542961904,37.6042542961904,NA,NA,NA,NA
"1080","S1_94.599999999999994","piab",45,45,NA,NA,NA,NA
"1081","S1_95.1","lyta",45,NA,NA,NA,NA,NA
"1082","S1_95.1","piab",45,NA,NA,NA,NA,NA
"1083","S1_95.2","lyta",45,45,NA,NA,NA,NA
"1084","S1_95.2","piab",45,NA,NA,NA,NA,NA
"1085","S1_95.3","lyta",45,NA,NA,NA,NA,NA
"1086","S1_95.3","piab",45,NA,NA,NA,NA,NA
"1087","S1_95.4","lyta",39.27641787,45,NA,NA,NA,NA
"1088","S1_95.4","piab",45,NA,NA,NA,NA,NA
"1089","S1_95.5","lyta",45,NA,NA,NA,NA,NA
"1090","S1_95.5","piab",45,NA,NA,NA,NA,NA
"1091","S1_95.599999999999994","lyta",45,45,NA,NA,NA,NA
"1092","S1_95.599999999999994","piab",45,45,NA,NA,NA,NA
"1093","S1_96.1","lyta",45,NA,NA,NA,NA,NA
"1094","S1_96.1","piab",45,NA,NA,NA,NA,NA
"1095","S1_96.2","lyta",45,45,NA,NA,NA,NA
"1096","S1_96.2","piab",45,NA,NA,NA,NA,NA
"1097","S1_96.3","lyta",45,NA,NA,NA,NA,NA
"1098","S1_96.3","piab",45,NA,NA,NA,NA,NA
"1099","S1_96.4","lyta",36.36523149,45,45,NA,NA,NA
"1100","S1_96.4","piab",38.5262851930779,36.9826468952862,45,NA,NA,NA
"1101","S1_96.5","lyta",45,NA,NA,NA,NA,NA
"1102","S1_96.5","piab",45,NA,NA,NA,NA,NA
"1103","S1_96.6","lyta",45,NA,NA,NA,NA,NA
"1104","S1_96.6","piab",45,NA,NA,NA,NA,NA
"1105","S1_97.1","lyta",45,NA,NA,NA,NA,NA
"1106","S1_97.1","piab",45,NA,NA,NA,NA,NA
"1107","S1_97.2","lyta",39.2545296335247,45,NA,NA,NA,NA
"1108","S1_97.2","piab",35.29297452,45,45,NA,NA,NA
"1109","S1_97.3","lyta",45,NA,NA,NA,NA,NA
"1110","S1_97.3","piab",45,NA,NA,NA,NA,NA
"1111","S1_97.4","lyta",45,NA,NA,NA,NA,NA
"1112","S1_97.4","piab",45,45,NA,NA,NA,NA
"1113","S1_97.5","lyta",45,45,NA,NA,NA,NA
"1114","S1_97.5","piab",45,NA,NA,NA,NA,NA
"1115","S1_97.6","lyta",45,NA,NA,NA,NA,NA
"1116","S1_97.6","piab",45,45,NA,NA,NA,NA
"1117","S1_98.1","lyta",45,NA,NA,NA,NA,NA
"1118","S1_98.1","piab",45,45,NA,NA,NA,NA
"1119","S1_98.2","lyta",37.98340838,45,45,NA,NA,NA
"1120","S1_98.2","piab",45,NA,NA,NA,NA,NA
"1121","S1_98.3","lyta",45,NA,NA,NA,NA,NA
"1122","S1_98.3","piab",45,45,NA,NA,NA,NA
"1123","S1_98.4","lyta",45,NA,NA,NA,NA,NA
"1124","S1_98.4","piab",45,45,NA,NA,NA,NA
"1125","S1_98.5","lyta",45,NA,NA,NA,NA,NA
"1126","S1_98.5","piab",45,45,NA,NA,NA,NA
"1127","S1_98.6","lyta",37.4038952298618,NA,NA,NA,NA,NA
"1128","S1_98.6","piab",45,NA,NA,NA,NA,NA
"1129","S1_99.1","lyta",45,NA,NA,NA,NA,NA
"1130","S1_99.1","piab",45,45,NA,NA,NA,NA
"1131","S1_99.2","lyta",45,45,45,NA,NA,NA
"1132","S1_99.2","piab",45,NA,NA,NA,NA,NA
"1133","S1_99.3","lyta",45,NA,NA,NA,NA,NA
"1134","S1_99.3","piab",45,45,NA,NA,NA,NA
"1135","S1_99.4","lyta",45,NA,NA,NA,NA,NA
"1136","S1_99.4","piab",45,45,NA,NA,NA,NA
"1137","S1_99.5","lyta",45,NA,NA,NA,NA,NA
"1138","S1_99.5","piab",45,45,NA,NA,NA,NA
"1139","S1_99.6","lyta",45,39.5312998413778,NA,NA,NA,NA
"1140","S1_99.6","piab",36.2847101143692,45,45,NA,NA,NA
"1141","S2_1.1","lyta",45,NA,NA,NA,NA,NA
"1142","S2_1.1","piab",45,NA,NA,NA,NA,NA
"1143","S2_1.2","lyta",37.4533155894646,NA,NA,NA,NA,NA
"1144","S2_1.2","piab",45,NA,NA,NA,NA,NA
"1145","S2_1.3","lyta",45,NA,NA,NA,NA,NA
"1146","S2_1.3","piab",45,NA,NA,NA,NA,NA
"1147","S2_1.4","lyta",45,NA,NA,NA,NA,NA
"1148","S2_1.4","piab",45,NA,NA,NA,NA,NA
"1149","S2_1.5","lyta",45,NA,NA,NA,NA,NA
"1150","S2_1.5","piab",45,NA,NA,NA,NA,NA
"1151","S2_1.6","lyta",45,NA,NA,NA,NA,NA
"1152","S2_1.6","piab",45,NA,NA,NA,NA,NA
"1153","S2_10.1","lyta",45,NA,NA,NA,NA,NA
"1154","S2_10.1","piab",45,NA,NA,NA,NA,NA
"1155","S2_10.2","lyta",45,NA,NA,NA,NA,NA
"1156","S2_10.2","piab",45,NA,NA,NA,NA,NA
"1157","S2_10.3","lyta",45,NA,NA,NA,NA,NA
"1158","S2_10.3","piab",45,NA,NA,NA,NA,NA
"1159","S2_10.4","lyta",45,NA,NA,NA,NA,NA
"1160","S2_10.4","piab",45,NA,NA,NA,NA,NA
"1161","S2_10.5","lyta",39.7288953960922,NA,NA,NA,NA,NA
"1162","S2_10.5","piab",45,NA,NA,NA,NA,NA
"1163","S2_10.6","lyta",45,NA,NA,NA,NA,NA
"1164","S2_10.6","piab",45,NA,NA,NA,NA,NA
"1165","S2_102ctl","lyta",45,NA,NA,NA,NA,NA
"1166","S2_102ctl","piab",45,NA,NA,NA,NA,NA
"1167","S2_11.1","lyta",45,NA,NA,NA,NA,NA
"1168","S2_11.1","piab",45,NA,NA,NA,NA,NA
"1169","S2_11.2","lyta",45,NA,NA,NA,NA,NA
"1170","S2_11.2","piab",45,NA,NA,NA,NA,NA
"1171","S2_11.3","lyta",45,NA,NA,NA,NA,NA
"1172","S2_11.3","piab",45,NA,NA,NA,NA,NA
"1173","S2_11.4","lyta",45,NA,NA,NA,NA,NA
"1174","S2_11.4","piab",45,NA,NA,NA,NA,NA
"1175","S2_11.5","lyta",45,NA,NA,NA,NA,NA
"1176","S2_11.5","piab",45,NA,NA,NA,NA,NA
"1177","S2_11.6","lyta",45,NA,NA,NA,NA,NA
"1178","S2_11.6","piab",45,NA,NA,NA,NA,NA
"1179","S2_12.1","lyta",45,NA,NA,NA,NA,NA
"1180","S2_12.1","piab",45,NA,NA,NA,NA,NA
"1181","S2_12.2","lyta",45,NA,NA,NA,NA,NA
"1182","S2_12.2","piab",45,NA,NA,NA,NA,NA
"1183","S2_12.3","lyta",45,NA,NA,NA,NA,NA
"1184","S2_12.3","piab",45,NA,NA,NA,NA,NA
"1185","S2_12.4","lyta",45,NA,NA,NA,NA,NA
"1186","S2_12.4","piab",45,NA,NA,NA,NA,NA
"1187","S2_12.5","lyta",45,NA,NA,NA,NA,NA
"1188","S2_12.5","piab",45,NA,NA,NA,NA,NA
"1189","S2_12.6","lyta",45,NA,NA,NA,NA,NA
"1190","S2_12.6","piab",45,NA,NA,NA,NA,NA
"1191","S2_13.1","lyta",45,NA,NA,NA,NA,NA
"1192","S2_13.1","piab",45,NA,NA,NA,NA,NA
"1193","S2_13.2","lyta",45,NA,NA,NA,NA,NA
"1194","S2_13.2","piab",45,NA,NA,NA,NA,NA
"1195","S2_13.3","lyta",45,NA,NA,NA,NA,NA
"1196","S2_13.3","piab",45,NA,NA,NA,NA,NA
"1197","S2_13.4","lyta",45,NA,NA,NA,NA,NA
"1198","S2_13.4","piab",45,NA,NA,NA,NA,NA
"1199","S2_13.5","lyta",45,NA,NA,NA,NA,NA
"1200","S2_13.5","piab",45,NA,NA,NA,NA,NA
"1201","S2_13.6","lyta",45,NA,NA,NA,NA,NA
"1202","S2_13.6","piab",45,NA,NA,NA,NA,NA
"1203","S2_14.1","lyta",45,NA,NA,NA,NA,NA
"1204","S2_14.1","piab",45,NA,NA,NA,NA,NA
"1205","S2_14.2","lyta",45,NA,NA,NA,NA,NA
"1206","S2_14.2","piab",45,NA,NA,NA,NA,NA
"1207","S2_14.3","lyta",45,NA,NA,NA,NA,NA
"1208","S2_14.3","piab",45,NA,NA,NA,NA,NA
"1209","S2_14.4","lyta",45,NA,NA,NA,NA,NA
"1210","S2_14.4","piab",45,NA,NA,NA,NA,NA
"1211","S2_14.5","lyta",45,NA,NA,NA,NA,NA
"1212","S2_14.5","piab",45,NA,NA,NA,NA,NA
"1213","S2_14.6","lyta",45,NA,NA,NA,NA,NA
"1214","S2_14.6","piab",45,NA,NA,NA,NA,NA
"1215","S2_15.1","lyta",45,NA,NA,NA,NA,NA
"1216","S2_15.1","piab",45,NA,NA,NA,NA,NA
"1217","S2_15.2","lyta",45,NA,NA,NA,NA,NA
"1218","S2_15.2","piab",45,NA,NA,NA,NA,NA
"1219","S2_15.3","lyta",45,NA,NA,NA,NA,NA
"1220","S2_15.3","piab",45,NA,NA,NA,NA,NA
"1221","S2_15.4","lyta",45,NA,NA,NA,NA,NA
"1222","S2_15.4","piab",45,NA,NA,NA,NA,NA
"1223","S2_15.5","lyta",45,NA,NA,NA,NA,NA
"1224","S2_15.5","piab",45,NA,NA,NA,NA,NA
"1225","S2_15.6","lyta",45,NA,NA,NA,NA,NA
"1226","S2_15.6","piab",45,NA,NA,NA,NA,NA
"1227","S2_16.1","lyta",45,NA,NA,NA,NA,NA
"1228","S2_16.1","piab",45,NA,NA,NA,NA,NA
"1229","S2_16.2","lyta",45,NA,NA,NA,NA,NA
"1230","S2_16.2","piab",45,NA,NA,NA,NA,NA
"1231","S2_16.3","lyta",45,NA,NA,NA,NA,NA
"1232","S2_16.3","piab",45,NA,NA,NA,NA,NA
"1233","S2_16.4","lyta",45,NA,NA,NA,NA,NA
"1234","S2_16.4","piab",45,NA,NA,NA,NA,NA
"1235","S2_16.5","lyta",45,NA,NA,NA,NA,NA
"1236","S2_16.5","piab",45,NA,NA,NA,NA,NA
"1237","S2_16.6","lyta",45,NA,NA,NA,NA,NA
"1238","S2_16.6","piab",45,NA,NA,NA,NA,NA
"1239","S2_17.1","lyta",45,NA,NA,NA,NA,NA
"1240","S2_17.1","piab",45,NA,NA,NA,NA,NA
"1241","S2_17.2","lyta",45,NA,NA,NA,NA,NA
"1242","S2_17.2","piab",45,NA,NA,NA,NA,NA
"1243","S2_17.3","lyta",45,NA,NA,NA,NA,NA
"1244","S2_17.3","piab",45,NA,NA,NA,NA,NA
"1245","S2_17.4","lyta",45,NA,NA,NA,NA,NA
"1246","S2_17.4","piab",45,NA,NA,NA,NA,NA
"1247","S2_17.5","lyta",45,NA,NA,NA,NA,NA
"1248","S2_17.5","piab",45,NA,NA,NA,NA,NA
"1249","S2_17.6","lyta",45,NA,NA,NA,NA,NA
"1250","S2_17.6","piab",45,NA,NA,NA,NA,NA
"1251","S2_18.1","lyta",45,NA,NA,NA,NA,NA
"1252","S2_18.1","piab",45,NA,NA,NA,NA,NA
"1253","S2_18.2","lyta",45,NA,NA,NA,NA,NA
"1254","S2_18.2","piab",45,NA,NA,NA,NA,NA
"1255","S2_18.3","lyta",45,NA,NA,NA,NA,NA
"1256","S2_18.3","piab",45,NA,NA,NA,NA,NA
"1257","S2_18.4","lyta",45,NA,NA,NA,NA,NA
"1258","S2_18.4","piab",45,NA,NA,NA,NA,NA
"1259","S2_18.5","lyta",45,NA,NA,NA,NA,NA
"1260","S2_18.5","piab",45,NA,NA,NA,NA,NA
"1261","S2_18.6","lyta",45,NA,NA,NA,NA,NA
"1262","S2_18.6","piab",45,NA,NA,NA,NA,NA
"1263","S2_19.1","lyta",45,NA,NA,NA,NA,NA
"1264","S2_19.1","piab",45,NA,NA,NA,NA,NA
"1265","S2_19.2","lyta",38.6755182862184,NA,NA,NA,NA,NA
"1266","S2_19.2","piab",45,NA,NA,NA,NA,NA
"1267","S2_19.3","lyta",39.1832310007744,NA,NA,NA,NA,NA
"1268","S2_19.3","piab",45,NA,NA,NA,NA,NA
"1269","S2_19.4","lyta",35.2562280611373,35.495539656668,NA,NA,NA,NA
"1270","S2_19.4","piab",45,NA,NA,NA,NA,NA
"1271","S2_19.5","lyta",35.8417043762334,NA,NA,NA,NA,NA
"1272","S2_19.5","piab",45,NA,NA,NA,NA,NA
"1273","S2_19.6","lyta",35.3531505292216,NA,NA,NA,NA,NA
"1274","S2_19.6","piab",45,NA,NA,NA,NA,NA
"1275","S2_2.1","lyta",45,NA,NA,NA,NA,NA
"1276","S2_2.1","piab",45,NA,NA,NA,NA,NA
"1277","S2_2.2","lyta",45,NA,NA,NA,NA,NA
"1278","S2_2.2","piab",45,NA,NA,NA,NA,NA
"1279","S2_2.3","lyta",45,NA,NA,NA,NA,NA
"1280","S2_2.3","piab",45,NA,NA,NA,NA,NA
"1281","S2_2.4","lyta",45,NA,NA,NA,NA,NA
"1282","S2_2.4","piab",45,NA,NA,NA,NA,NA
"1283","S2_2.5","lyta",45,NA,NA,NA,NA,NA
"1284","S2_2.5","piab",45,NA,NA,NA,NA,NA
"1285","S2_2.6","lyta",37.6898800355767,38.2842986313349,38.5821349783244,NA,NA,NA
"1286","S2_2.6","piab",38.3369502420435,39.3601859290672,NA,NA,NA,NA
"1287","S2_20.1","lyta",35.3787173998862,NA,NA,NA,NA,NA
"1288","S2_20.1","piab",45,NA,NA,NA,NA,NA
"1289","S2_20.2","lyta",34.2971100984202,NA,NA,NA,NA,NA
"1290","S2_20.2","piab",45,NA,NA,NA,NA,NA
"1291","S2_20.3","lyta",34.6335096428083,NA,NA,NA,NA,NA
"1292","S2_20.3","piab",45,NA,NA,NA,NA,NA
"1293","S2_20.4","lyta",35.0472937544881,35.2972908023182,NA,NA,NA,NA
"1294","S2_20.4","piab",45,NA,NA,NA,NA,NA
"1295","S2_20.5","lyta",35.0387911853525,NA,NA,NA,NA,NA
"1296","S2_20.5","piab",45,NA,NA,NA,NA,NA
"1297","S2_20.6","lyta",34.9581080718206,NA,NA,NA,NA,NA
"1298","S2_20.6","piab",45,NA,NA,NA,NA,NA
"1299","S2_21.1","lyta",40.6080466398693,NA,NA,NA,NA,NA
"1300","S2_21.1","piab",45,NA,NA,NA,NA,NA
"1301","S2_21.2","lyta",41.5864922170858,NA,NA,NA,NA,NA
"1302","S2_21.2","piab",45,NA,NA,NA,NA,NA
"1303","S2_21.3","lyta",41.498766993913,NA,NA,NA,NA,NA
"1304","S2_21.3","piab",45,NA,NA,NA,NA,NA
"1305","S2_21.4","lyta",45,NA,NA,NA,NA,NA
"1306","S2_21.4","piab",45,NA,NA,NA,NA,NA
"1307","S2_21.5","lyta",45,NA,NA,NA,NA,NA
"1308","S2_21.5","piab",45,NA,NA,NA,NA,NA
"1309","S2_21.6","lyta",43.0925616367858,NA,NA,NA,NA,NA
"1310","S2_21.6","piab",45,NA,NA,NA,NA,NA
"1311","S2_22.1","lyta",36.5991966926642,NA,NA,NA,NA,NA
"1312","S2_22.1","piab",45,NA,NA,NA,NA,NA
"1313","S2_22.2","lyta",33.0372738759249,NA,NA,NA,NA,NA
"1314","S2_22.2","piab",45,NA,NA,NA,NA,NA
"1315","S2_22.3","lyta",30.7196552846145,NA,NA,NA,NA,NA
"1316","S2_22.3","piab",45,NA,NA,NA,NA,NA
"1317","S2_22.4","lyta",27.8484011910488,NA,NA,NA,NA,NA
"1318","S2_22.4","piab",45,NA,NA,NA,NA,NA
"1319","S2_22.5","lyta",31.7308522077253,NA,NA,NA,NA,NA
"1320","S2_22.5","piab",45,NA,NA,NA,NA,NA
"1321","S2_22.6","lyta",31.2315294681025,NA,NA,NA,NA,NA
"1322","S2_22.6","piab",45,NA,NA,NA,NA,NA
"1323","S2_23.1","lyta",45,NA,NA,NA,NA,NA
"1324","S2_23.1","piab",45,NA,NA,NA,NA,NA
"1325","S2_23.2","lyta",45,NA,NA,NA,NA,NA
"1326","S2_23.2","piab",45,NA,NA,NA,NA,NA
"1327","S2_23.3","lyta",45,NA,NA,NA,NA,NA
"1328","S2_23.3","piab",45,NA,NA,NA,NA,NA
"1329","S2_23.4","lyta",45,NA,NA,NA,NA,NA
"1330","S2_23.4","piab",45,NA,NA,NA,NA,NA
"1331","S2_23.5","lyta",41.8415274465187,NA,NA,NA,NA,NA
"1332","S2_23.5","piab",45,NA,NA,NA,NA,NA
"1333","S2_23.6","lyta",45,NA,NA,NA,NA,NA
"1334","S2_23.6","piab",45,NA,NA,NA,NA,NA
"1335","S2_24.1","lyta",45,NA,NA,NA,NA,NA
"1336","S2_24.1","piab",45,NA,NA,NA,NA,NA
"1337","S2_24.2","lyta",41.3040852313505,NA,NA,NA,NA,NA
"1338","S2_24.2","piab",38.6192061782764,45,NA,NA,NA,NA
"1339","S2_24.3","lyta",45,NA,NA,NA,NA,NA
"1340","S2_24.3","piab",45,NA,NA,NA,NA,NA
"1341","S2_24.4","lyta",45,NA,NA,NA,NA,NA
"1342","S2_24.4","piab",45,NA,NA,NA,NA,NA
"1343","S2_24.5","lyta",45,NA,NA,NA,NA,NA
"1344","S2_24.5","piab",45,NA,NA,NA,NA,NA
"1345","S2_24.6","lyta",45,NA,NA,NA,NA,NA
"1346","S2_24.6","piab",45,NA,NA,NA,NA,NA
"1347","S2_25.1","lyta",30.2615517238091,NA,NA,NA,NA,NA
"1348","S2_25.1","piab",32.4556869868167,NA,NA,NA,NA,NA
"1349","S2_25.2","lyta",29.3023474600419,NA,NA,NA,NA,NA
"1350","S2_25.2","piab",30.2141623334521,NA,NA,NA,NA,NA
"1351","S2_25.3","lyta",29.2591321406437,NA,NA,NA,NA,NA
"1352","S2_25.3","piab",31.0009767250876,NA,NA,NA,NA,NA
"1353","S2_25.4","lyta",29.984424733939,NA,NA,NA,NA,NA
"1354","S2_25.4","piab",31.3246322320458,NA,NA,NA,NA,NA
"1355","S2_25.5","lyta",32.9394485041246,31.7757711566887,NA,NA,NA,NA
"1356","S2_25.5","piab",45,45,NA,NA,NA,NA
"1357","S2_25.6","lyta",30.0065616686483,NA,NA,NA,NA,NA
"1358","S2_25.6","piab",32.4465714516148,NA,NA,NA,NA,NA
"1359","S2_26.1","lyta",45,NA,NA,NA,NA,NA
"1360","S2_26.1","piab",45,NA,NA,NA,NA,NA
"1361","S2_26.2","lyta",45,NA,NA,NA,NA,NA
"1362","S2_26.2","piab",45,NA,NA,NA,NA,NA
"1363","S2_26.3","lyta",45,NA,NA,NA,NA,NA
"1364","S2_26.3","piab",45,NA,NA,NA,NA,NA
"1365","S2_26.4","lyta",45,NA,NA,NA,NA,NA
"1366","S2_26.4","piab",45,NA,NA,NA,NA,NA
"1367","S2_26.5","lyta",45,NA,NA,NA,NA,NA
"1368","S2_26.5","piab",45,NA,NA,NA,NA,NA
"1369","S2_26.6","lyta",45,NA,NA,NA,NA,NA
"1370","S2_26.6","piab",45,NA,NA,NA,NA,NA
"1371","S2_27.1","lyta",45,NA,NA,NA,NA,NA
"1372","S2_27.1","piab",45,NA,NA,NA,NA,NA
"1373","S2_27.2","lyta",36.5279560515649,NA,NA,NA,NA,NA
"1374","S2_27.2","piab",36.3655671223384,36.6400757732194,NA,NA,NA,NA
"1375","S2_27.3","lyta",45,NA,NA,NA,NA,NA
"1376","S2_27.3","piab",45,NA,NA,NA,NA,NA
"1377","S2_27.4","lyta",45,NA,NA,NA,NA,NA
"1378","S2_27.4","piab",45,NA,NA,NA,NA,NA
"1379","S2_27.5","lyta",45,NA,NA,NA,NA,NA
"1380","S2_27.5","piab",45,NA,NA,NA,NA,NA
"1381","S2_27.6","lyta",45,NA,NA,NA,NA,NA
"1382","S2_27.6","piab",45,NA,NA,NA,NA,NA
"1383","S2_28.1","lyta",27.5537077363229,NA,NA,NA,NA,NA
"1384","S2_28.1","piab",28.1762168202071,NA,NA,NA,NA,NA
"1385","S2_28.2","lyta",34.6310903428519,NA,NA,NA,NA,NA
"1386","S2_28.2","piab",35.9234476931154,36.9706468259053,NA,NA,NA,NA
"1387","S2_28.3","lyta",45,NA,NA,NA,NA,NA
"1388","S2_28.3","piab",45,NA,NA,NA,NA,NA
"1389","S2_28.4","lyta",45,NA,NA,NA,NA,NA
"1390","S2_28.4","piab",45,NA,NA,NA,NA,NA
"1391","S2_28.5","lyta",31.0331691413553,NA,NA,NA,NA,NA
"1392","S2_28.5","piab",32.0953393732969,NA,NA,NA,NA,NA
"1393","S2_28.6","lyta",45,NA,NA,NA,NA,NA
"1394","S2_28.6","piab",45,NA,NA,NA,NA,NA
"1395","S2_29.1","lyta",45,NA,NA,NA,NA,NA
"1396","S2_29.1","piab",45,NA,NA,NA,NA,NA
"1397","S2_29.2","lyta",45,NA,NA,NA,NA,NA
"1398","S2_29.2","piab",45,NA,NA,NA,NA,NA
"1399","S2_29.3","lyta",45,NA,NA,NA,NA,NA
"1400","S2_29.3","piab",45,NA,NA,NA,NA,NA
"1401","S2_29.4","lyta",45,NA,NA,NA,NA,NA
"1402","S2_29.4","piab",45,NA,NA,NA,NA,NA
"1403","S2_29.5","lyta",45,NA,NA,NA,NA,NA
"1404","S2_29.5","piab",45,NA,NA,NA,NA,NA
"1405","S2_29.6","lyta",45,NA,NA,NA,NA,NA
"1406","S2_29.6","piab",45,NA,NA,NA,NA,NA
"1407","S2_3.1","lyta",45,NA,NA,NA,NA,NA
"1408","S2_3.1","piab",45,NA,NA,NA,NA,NA
"1409","S2_3.2","lyta",45,NA,NA,NA,NA,NA
"1410","S2_3.2","piab",45,NA,NA,NA,NA,NA
"1411","S2_3.3","lyta",45,NA,NA,NA,NA,NA
"1412","S2_3.3","piab",45,NA,NA,NA,NA,NA
"1413","S2_3.4","lyta",45,NA,NA,NA,NA,NA
"1414","S2_3.4","piab",45,NA,NA,NA,NA,NA
"1415","S2_3.5","lyta",45,NA,NA,NA,NA,NA
"1416","S2_3.5","piab",45,NA,NA,NA,NA,NA
"1417","S2_3.6","lyta",45,NA,NA,NA,NA,NA
"1418","S2_3.6","piab",45,NA,NA,NA,NA,NA
"1419","S2_30.1","lyta",45,NA,NA,NA,NA,NA
"1420","S2_30.1","piab",45,NA,NA,NA,NA,NA
"1421","S2_30.2","lyta",45,NA,NA,NA,NA,NA
"1422","S2_30.2","piab",45,NA,NA,NA,NA,NA
"1423","S2_30.3","lyta",39.0967072829416,NA,NA,NA,NA,NA
"1424","S2_30.3","piab",45,NA,NA,NA,NA,NA
"1425","S2_30.4","lyta",41.356800343083,NA,NA,NA,NA,NA
"1426","S2_30.4","piab",45,NA,NA,NA,NA,NA
"1427","S2_30.5","lyta",45,NA,NA,NA,NA,NA
"1428","S2_30.5","piab",45,NA,NA,NA,NA,NA
"1429","S2_30.6","lyta",38.08479653719,NA,NA,NA,NA,NA
"1430","S2_30.6","piab",45,NA,NA,NA,NA,NA
"1431","S2_31.1","lyta",45,NA,NA,NA,NA,NA
"1432","S2_31.1","piab",45,NA,NA,NA,NA,NA
"1433","S2_31.2","lyta",45,NA,NA,NA,NA,NA
"1434","S2_31.2","piab",45,NA,NA,NA,NA,NA
"1435","S2_31.3","lyta",45,NA,NA,NA,NA,NA
"1436","S2_31.3","piab",45,NA,NA,NA,NA,NA
"1437","S2_31.4","lyta",45,NA,NA,NA,NA,NA
"1438","S2_31.4","piab",45,NA,NA,NA,NA,NA
"1439","S2_31.5","lyta",45,NA,NA,NA,NA,NA
"1440","S2_31.5","piab",45,NA,NA,NA,NA,NA
"1441","S2_31.6","lyta",45,NA,NA,NA,NA,NA
"1442","S2_31.6","piab",45,NA,NA,NA,NA,NA
"1443","S2_32.1","lyta",45,NA,NA,NA,NA,NA
"1444","S2_32.1","piab",45,NA,NA,NA,NA,NA
"1445","S2_32.2","lyta",45,NA,NA,NA,NA,NA
"1446","S2_32.2","piab",45,NA,NA,NA,NA,NA
"1447","S2_32.3","lyta",45,NA,NA,NA,NA,NA
"1448","S2_32.3","piab",45,NA,NA,NA,NA,NA
"1449","S2_32.4","lyta",45,NA,NA,NA,NA,NA
"1450","S2_32.4","piab",45,NA,NA,NA,NA,NA
"1451","S2_32.5","lyta",44.822465823508,NA,NA,NA,NA,NA
"1452","S2_32.5","piab",45,NA,NA,NA,NA,NA
"1453","S2_32.6","lyta",40.9863295130153,NA,NA,NA,NA,NA
"1454","S2_32.6","piab",45,NA,NA,NA,NA,NA
"1455","S2_33.1","lyta",45,NA,NA,NA,NA,NA
"1456","S2_33.1","piab",45,NA,NA,NA,NA,NA
"1457","S2_33.2","lyta",45,NA,NA,NA,NA,NA
"1458","S2_33.2","piab",45,NA,NA,NA,NA,NA
"1459","S2_33.3","lyta",45,NA,NA,NA,NA,NA
"1460","S2_33.3","piab",45,NA,NA,NA,NA,NA
"1461","S2_33.4","lyta",45,NA,NA,NA,NA,NA
"1462","S2_33.4","piab",45,NA,NA,NA,NA,NA
"1463","S2_33.5","lyta",45.9422318953013,NA,NA,NA,NA,NA
"1464","S2_33.5","piab",45,NA,NA,NA,NA,NA
"1465","S2_33.6","lyta",39.2040672535386,NA,NA,NA,NA,NA
"1466","S2_33.6","piab",45,NA,NA,NA,NA,NA
"1467","S2_34.1","lyta",45,NA,NA,NA,NA,NA
"1468","S2_34.1","piab",45,NA,NA,NA,NA,NA
"1469","S2_34.2","lyta",45,NA,NA,NA,NA,NA
"1470","S2_34.2","piab",45,NA,NA,NA,NA,NA
"1471","S2_34.3","lyta",45,NA,NA,NA,NA,NA
"1472","S2_34.3","piab",45,NA,NA,NA,NA,NA
"1473","S2_34.4","lyta",45,NA,NA,NA,NA,NA
"1474","S2_34.4","piab",45,NA,NA,NA,NA,NA
"1475","S2_34.5","lyta",45,NA,NA,NA,NA,NA
"1476","S2_34.5","piab",45,NA,NA,NA,NA,NA
"1477","S2_34.6","lyta",45,NA,NA,NA,NA,NA
"1478","S2_34.6","piab",45,NA,NA,NA,NA,NA
"1479","S2_35.1","lyta",45,NA,NA,NA,NA,NA
"1480","S2_35.1","piab",45,NA,NA,NA,NA,NA
"1481","S2_35.2","lyta",45,NA,NA,NA,NA,NA
"1482","S2_35.2","piab",45,NA,NA,NA,NA,NA
"1483","S2_35.3","lyta",45,NA,NA,NA,NA,NA
"1484","S2_35.3","piab",45,NA,NA,NA,NA,NA
"1485","S2_35.4","lyta",45,NA,NA,NA,NA,NA
"1486","S2_35.4","piab",45,NA,NA,NA,NA,NA
"1487","S2_35.5","lyta",28.4582384483832,NA,NA,NA,NA,NA
"1488","S2_35.5","piab",30.7784257822053,NA,NA,NA,NA,NA
"1489","S2_35.6","lyta",29.3562525483582,NA,NA,NA,NA,NA
"1490","S2_35.6","piab",31.9063059485964,NA,NA,NA,NA,NA
"1491","S2_36.1","lyta",45,NA,NA,NA,NA,NA
"1492","S2_36.1","piab",45,NA,NA,NA,NA,NA
"1493","S2_36.2","lyta",45,NA,NA,NA,NA,NA
"1494","S2_36.2","piab",45,NA,NA,NA,NA,NA
"1495","S2_36.3","lyta",45,NA,NA,NA,NA,NA
"1496","S2_36.3","piab",45,NA,NA,NA,NA,NA
"1497","S2_36.4","lyta",45,NA,NA,NA,NA,NA
"1498","S2_36.4","piab",45,NA,NA,NA,NA,NA
"1499","S2_36.5","lyta",45,NA,NA,NA,NA,NA
"1500","S2_36.5","piab",37.2347179361363,38.5403851591918,NA,NA,NA,NA
"1501","S2_36.6","lyta",45,NA,NA,NA,NA,NA
"1502","S2_36.6","piab",45,NA,NA,NA,NA,NA
"1503","S2_39.1","lyta",33.61792685511,NA,NA,NA,NA,NA
"1504","S2_39.1","piab",45,NA,NA,NA,NA,NA
"1505","S2_39.2","lyta",32.8486905636242,NA,NA,NA,NA,NA
"1506","S2_39.2","piab",45,NA,NA,NA,NA,NA
"1507","S2_39.3","lyta",28.8447141425333,NA,NA,NA,NA,NA
"1508","S2_39.3","piab",45,NA,NA,NA,NA,NA
"1509","S2_39.4","lyta",28.88136541538,NA,NA,NA,NA,NA
"1510","S2_39.4","piab",45,NA,NA,NA,NA,NA
"1511","S2_39.5","lyta",29.2022085351809,NA,NA,NA,NA,NA
"1512","S2_39.5","piab",45,NA,NA,NA,NA,NA
"1513","S2_39.6","lyta",26.2949113457147,NA,NA,NA,NA,NA
"1514","S2_39.6","piab",45,NA,NA,NA,NA,NA
"1515","S2_4.1","lyta",45,NA,NA,NA,NA,NA
"1516","S2_4.1","piab",45,NA,NA,NA,NA,NA
"1517","S2_4.2","lyta",45,NA,NA,NA,NA,NA
"1518","S2_4.2","piab",45,NA,NA,NA,NA,NA
"1519","S2_4.3","lyta",45,NA,NA,NA,NA,NA
"1520","S2_4.3","piab",45,NA,NA,NA,NA,NA
"1521","S2_4.4","lyta",45,NA,NA,NA,NA,NA
"1522","S2_4.4","piab",45,NA,NA,NA,NA,NA
"1523","S2_4.5","lyta",45,NA,NA,NA,NA,NA
"1524","S2_4.5","piab",45,NA,NA,NA,NA,NA
"1525","S2_4.6","lyta",45,NA,NA,NA,NA,NA
"1526","S2_4.6","piab",45,NA,NA,NA,NA,NA
"1527","S2_40.1","lyta",31.4700470852815,NA,NA,NA,NA,NA
"1528","S2_40.1","piab",45,NA,NA,NA,NA,NA
"1529","S2_40.2","lyta",27.522495694778,NA,NA,NA,NA,NA
"1530","S2_40.2","piab",45,NA,NA,NA,NA,NA
"1531","S2_40.3","lyta",26.6422153977008,NA,NA,NA,NA,NA
"1532","S2_40.3","piab",45,NA,NA,NA,NA,NA
"1533","S2_40.4","lyta",28.6285724367807,NA,NA,NA,NA,NA
"1534","S2_40.4","piab",45,NA,NA,NA,NA,NA
"1535","S2_40.5","lyta",27.0880864493197,NA,NA,NA,NA,NA
"1536","S2_40.5","piab",40.6411958506614,45,NA,NA,NA,NA
"1537","S2_40.6","lyta",25.0769697784733,NA,NA,NA,NA,NA
"1538","S2_40.6","piab",38.5790782962077,36.0670841395975,NA,NA,NA,NA
"1539","S2_41.1","lyta",36.4611829800038,NA,NA,NA,NA,NA
"1540","S2_41.1","piab",45,NA,NA,NA,NA,NA
"1541","S2_41.2","lyta",39.1031337545323,NA,NA,NA,NA,NA
"1542","S2_41.2","piab",45,NA,NA,NA,NA,NA
"1543","S2_41.3","lyta",36.8647790032037,NA,NA,NA,NA,NA
"1544","S2_41.3","piab",45,NA,NA,NA,NA,NA
"1545","S2_41.4","lyta",36.5019375206124,NA,NA,NA,NA,NA
"1546","S2_41.4","piab",45,NA,NA,NA,NA,NA
"1547","S2_41.5","lyta",38.7933427640903,NA,NA,NA,NA,NA
"1548","S2_41.5","piab",40.6610202788561,45,NA,NA,NA,NA
"1549","S2_41.6","lyta",36.1468932486412,NA,NA,NA,NA,NA
"1550","S2_41.6","piab",45,NA,NA,NA,NA,NA
"1551","S2_42.1","lyta",44.4117374280484,NA,NA,NA,NA,NA
"1552","S2_42.1","piab",45,NA,NA,NA,NA,NA
"1553","S2_42.2","lyta",43.3757000393648,NA,NA,NA,NA,NA
"1554","S2_42.2","piab",45,NA,NA,NA,NA,NA
"1555","S2_42.3","lyta",45,NA,NA,NA,NA,NA
"1556","S2_42.3","piab",45,NA,NA,NA,NA,NA
"1557","S2_42.4","lyta",45,NA,NA,NA,NA,NA
"1558","S2_42.4","piab",45,NA,NA,NA,NA,NA
"1559","S2_42.5","lyta",43.2901623296611,NA,NA,NA,NA,NA
"1560","S2_42.5","piab",45,NA,NA,NA,NA,NA
"1561","S2_42.6","lyta",45,NA,NA,NA,NA,NA
"1562","S2_42.6","piab",45,NA,NA,NA,NA,NA
"1563","S2_43.1","lyta",45,NA,NA,NA,NA,NA
"1564","S2_43.1","piab",45,NA,NA,NA,NA,NA
"1565","S2_43.2","lyta",45,NA,NA,NA,NA,NA
"1566","S2_43.2","piab",45,NA,NA,NA,NA,NA
"1567","S2_43.3","lyta",45,NA,NA,NA,NA,NA
"1568","S2_43.3","piab",45,NA,NA,NA,NA,NA
"1569","S2_43.4","lyta",45,NA,NA,NA,NA,NA
"1570","S2_43.4","piab",45,NA,NA,NA,NA,NA
"1571","S2_43.5","lyta",45,NA,NA,NA,NA,NA
"1572","S2_43.5","piab",45,NA,NA,NA,NA,NA
"1573","S2_43.6","lyta",45,NA,NA,NA,NA,NA
"1574","S2_43.6","piab",45,NA,NA,NA,NA,NA
"1575","S2_44.1","lyta",45,NA,NA,NA,NA,NA
"1576","S2_44.1","piab",45,NA,NA,NA,NA,NA
"1577","S2_44.2","lyta",45,NA,NA,NA,NA,NA
"1578","S2_44.2","piab",45,NA,NA,NA,NA,NA
"1579","S2_44.3","lyta",45,NA,NA,NA,NA,NA
"1580","S2_44.3","piab",45,NA,NA,NA,NA,NA
"1581","S2_44.4","lyta",45,NA,NA,NA,NA,NA
"1582","S2_44.4","piab",45,NA,NA,NA,NA,NA
"1583","S2_44.5","lyta",45,NA,NA,NA,NA,NA
"1584","S2_44.5","piab",45,NA,NA,NA,NA,NA
"1585","S2_44.6","lyta",45,NA,NA,NA,NA,NA
"1586","S2_44.6","piab",45,NA,NA,NA,NA,NA
"1587","S2_45.1","lyta",45,NA,NA,NA,NA,NA
"1588","S2_45.1","piab",45,NA,NA,NA,NA,NA
"1589","S2_45.2","lyta",45,NA,NA,NA,NA,NA
"1590","S2_45.2","piab",45,NA,NA,NA,NA,NA
"1591","S2_45.3","lyta",28.1446659688708,NA,NA,NA,NA,NA
"1592","S2_45.3","piab",45,NA,NA,NA,NA,NA
"1593","S2_45.4","lyta",30.0023753983316,NA,NA,NA,NA,NA
"1594","S2_45.4","piab",45,NA,NA,NA,NA,NA
"1595","S2_45.5","lyta",45,NA,NA,NA,NA,NA
"1596","S2_45.5","piab",45,NA,NA,NA,NA,NA
"1597","S2_45.6","lyta",33.3353733832584,NA,NA,NA,NA,NA
"1598","S2_45.6","piab",45,NA,NA,NA,NA,NA
"1599","S2_46.1","lyta",45,NA,NA,NA,NA,NA
"1600","S2_46.1","piab",45,NA,NA,NA,NA,NA
"1601","S2_46.2","lyta",45,NA,NA,NA,NA,NA
"1602","S2_46.2","piab",45,NA,NA,NA,NA,NA
"1603","S2_46.3","lyta",45,NA,NA,NA,NA,NA
"1604","S2_46.3","piab",45,NA,NA,NA,NA,NA
"1605","S2_46.4","lyta",37.2209531419711,NA,NA,NA,NA,NA
"1606","S2_46.4","piab",45,NA,NA,NA,NA,NA
"1607","S2_46.5","lyta",45,NA,NA,NA,NA,NA
"1608","S2_46.5","piab",45,NA,NA,NA,NA,NA
"1609","S2_46.6","lyta",36.8900708597243,NA,NA,NA,NA,NA
"1610","S2_46.6","piab",45,NA,NA,NA,NA,NA
"1611","S2_47.1","lyta",45,NA,NA,NA,NA,NA
"1612","S2_47.1","piab",45,NA,NA,NA,NA,NA
"1613","S2_47.2","lyta",45,NA,NA,NA,NA,NA
"1614","S2_47.2","piab",45,NA,NA,NA,NA,NA
"1615","S2_47.3","lyta",45,NA,NA,NA,NA,NA
"1616","S2_47.3","piab",45,NA,NA,NA,NA,NA
"1617","S2_47.4","lyta",45,NA,NA,NA,NA,NA
"1618","S2_47.4","piab",45,NA,NA,NA,NA,NA
"1619","S2_47.5","lyta",45,NA,NA,NA,NA,NA
"1620","S2_47.5","piab",45,NA,NA,NA,NA,NA
"1621","S2_47.6","lyta",37.8695862727925,NA,NA,NA,NA,NA
"1622","S2_47.6","piab",39.7714833182533,42.2413781010257,NA,NA,NA,NA
"1623","S2_48.1","lyta",45,NA,NA,NA,NA,NA
"1624","S2_48.1","piab",45,NA,NA,NA,NA,NA
"1625","S2_48.2","lyta",45,NA,NA,NA,NA,NA
"1626","S2_48.2","piab",45,NA,NA,NA,NA,NA
"1627","S2_48.3","lyta",45,NA,NA,NA,NA,NA
"1628","S2_48.3","piab",45,NA,NA,NA,NA,NA
"1629","S2_48.4","lyta",45,NA,NA,NA,NA,NA
"1630","S2_48.4","piab",45,NA,NA,NA,NA,NA
"1631","S2_48.5","lyta",39.1881690624519,NA,NA,NA,NA,NA
"1632","S2_48.5","piab",45,NA,NA,NA,NA,NA
"1633","S2_48.6","lyta",39.3251126219188,NA,NA,NA,NA,NA
"1634","S2_48.6","piab",38.5967160679678,45,NA,NA,NA,NA
"1635","S2_49.1","lyta",45,NA,NA,NA,NA,NA
"1636","S2_49.1","piab",45,NA,NA,NA,NA,NA
"1637","S2_49.2","lyta",45,NA,NA,NA,NA,NA
"1638","S2_49.2","piab",45,NA,NA,NA,NA,NA
"1639","S2_49.3","lyta",45,NA,NA,NA,NA,NA
"1640","S2_49.3","piab",45,NA,NA,NA,NA,NA
"1641","S2_49.4","lyta",45,NA,NA,NA,NA,NA
"1642","S2_49.4","piab",45,NA,NA,NA,NA,NA
"1643","S2_49.5","lyta",37.2303096207225,NA,NA,NA,NA,NA
"1644","S2_49.5","piab",38.2690144780993,40.4862307291915,NA,NA,NA,NA
"1645","S2_49.6","lyta",45,NA,NA,NA,NA,NA
"1646","S2_49.6","piab",45,NA,NA,NA,NA,NA
"1647","S2_5.1","lyta",45,NA,NA,NA,NA,NA
"1648","S2_5.1","piab",45,NA,NA,NA,NA,NA
"1649","S2_5.2","lyta",45,NA,NA,NA,NA,NA
"1650","S2_5.2","piab",45,NA,NA,NA,NA,NA
"1651","S2_5.3","lyta",45,NA,NA,NA,NA,NA
"1652","S2_5.3","piab",45,NA,NA,NA,NA,NA
"1653","S2_5.4","lyta",45,NA,NA,NA,NA,NA
"1654","S2_5.4","piab",45,NA,NA,NA,NA,NA
"1655","S2_5.5","lyta",45,NA,NA,NA,NA,NA
"1656","S2_5.5","piab",45,NA,NA,NA,NA,NA
"1657","S2_5.6","lyta",45,NA,NA,NA,NA,NA
"1658","S2_5.6","piab",45,NA,NA,NA,NA,NA
"1659","S2_50.1","lyta",45,NA,NA,NA,NA,NA
"1660","S2_50.1","piab",45,NA,NA,NA,NA,NA
"1661","S2_50.2","lyta",45,NA,NA,NA,NA,NA
"1662","S2_50.2","piab",45,NA,NA,NA,NA,NA
"1663","S2_50.3","lyta",37.4521889649892,NA,NA,NA,NA,NA
"1664","S2_50.3","piab",45,NA,NA,NA,NA,NA
"1665","S2_50.4","lyta",45,NA,NA,NA,NA,NA
"1666","S2_50.4","piab",45,NA,NA,NA,NA,NA
"1667","S2_50.5","lyta",45,NA,NA,NA,NA,NA
"1668","S2_50.5","piab",38.9008357937429,45,NA,NA,NA,NA
"1669","S2_50.6","lyta",45,NA,NA,NA,NA,NA
"1670","S2_50.6","piab",45,NA,NA,NA,NA,NA
"1671","S2_51.1","lyta",45,NA,NA,NA,NA,NA
"1672","S2_51.1","piab",45,NA,NA,NA,NA,NA
"1673","S2_51.2","lyta",45,45,NA,NA,NA,NA
"1674","S2_51.2","piab",45,45,NA,NA,NA,NA
"1675","S2_51.3","lyta",45,NA,NA,NA,NA,NA
"1676","S2_51.3","piab",45,NA,NA,NA,NA,NA
"1677","S2_51.4","lyta",45,NA,NA,NA,NA,NA
"1678","S2_51.4","piab",45,NA,NA,NA,NA,NA
"1679","S2_51.5","lyta",38.6125098240837,NA,NA,NA,NA,NA
"1680","S2_51.5","piab",45,NA,NA,NA,NA,NA
"1681","S2_51.6","lyta",45,NA,NA,NA,NA,NA
"1682","S2_51.6","piab",45,NA,NA,NA,NA,NA
"1683","S2_52.1","lyta",45,NA,NA,NA,NA,NA
"1684","S2_52.1","piab",45,NA,NA,NA,NA,NA
"1685","S2_52.2","lyta",45,45,NA,NA,NA,NA
"1686","S2_52.2","piab",45,45,NA,NA,NA,NA
"1687","S2_52.3","lyta",45,NA,NA,NA,NA,NA
"1688","S2_52.3","piab",45,NA,NA,NA,NA,NA
"1689","S2_52.4","lyta",45,NA,NA,NA,NA,NA
"1690","S2_52.4","piab",45,NA,NA,NA,NA,NA
"1691","S2_52.5","lyta",37.4621216472247,NA,NA,NA,NA,NA
"1692","S2_52.5","piab",39.1496967826644,40.840947053459,NA,NA,NA,NA
"1693","S2_52.6","lyta",45,NA,NA,NA,NA,NA
"1694","S2_52.6","piab",45,NA,NA,NA,NA,NA
"1695","S2_53.1","lyta",26.4212762814197,NA,NA,NA,NA,NA
"1696","S2_53.1","piab",45,NA,NA,NA,NA,NA
"1697","S2_53.3","lyta",40.0615022323244,NA,NA,NA,NA,NA
"1698","S2_53.3","piab",45,NA,NA,NA,NA,NA
"1699","S2_53.4","lyta",45,NA,NA,NA,NA,NA
"1700","S2_53.4","piab",45,NA,NA,NA,NA,NA
"1701","S2_53.5","lyta",45,NA,NA,NA,NA,NA
"1702","S2_53.5","piab",45,NA,NA,NA,NA,NA
"1703","S2_53.6","lyta",45,NA,NA,NA,NA,NA
"1704","S2_53.6","piab",45,NA,NA,NA,NA,NA
"1705","S2_54.1","lyta",45,45,NA,NA,NA,NA
"1706","S2_54.1","piab",45,45,NA,NA,NA,NA
"1707","S2_54.2","lyta",28.1999967603569,NA,NA,NA,NA,NA
"1708","S2_54.2","piab",45,NA,NA,NA,NA,NA
"1709","S2_54.3","lyta",27.0517810598905,26.2727957940767,NA,NA,NA,NA
"1710","S2_54.3","piab",45,45,NA,NA,NA,NA
"1711","S2_54.4","lyta",25.0169027709779,NA,NA,NA,NA,NA
"1712","S2_54.4","piab",45,NA,NA,NA,NA,NA
"1713","S2_54.5","lyta",26.402009818315,25.5426307648686,NA,NA,NA,NA
"1714","S2_54.5","piab",45,45,NA,NA,NA,NA
"1715","S2_54.6","lyta",27.5122036014347,26.0781252320294,NA,NA,NA,NA
"1716","S2_54.6","piab",39.4407244728493,39.5741420087735,40.5710648842136,NA,NA,NA
"1717","S2_55.1","lyta",45,NA,NA,NA,NA,NA
"1718","S2_55.1","piab",45,NA,NA,NA,NA,NA
"1719","S2_55.2","lyta",45,NA,NA,NA,NA,NA
"1720","S2_55.2","piab",45,NA,NA,NA,NA,NA
"1721","S2_55.4","lyta",45,NA,NA,NA,NA,NA
"1722","S2_55.4","piab",45,NA,NA,NA,NA,NA
"1723","S2_55.5","lyta",45,NA,NA,NA,NA,NA
"1724","S2_55.5","piab",45,NA,NA,NA,NA,NA
"1725","S2_55.6","lyta",45,NA,NA,NA,NA,NA
"1726","S2_55.6","piab",45,NA,NA,NA,NA,NA
"1727","S2_56.1","lyta",45,NA,NA,NA,NA,NA
"1728","S2_56.1","piab",45,NA,NA,NA,NA,NA
"1729","S2_56.2","lyta",37.7047157965662,NA,NA,NA,NA,NA
"1730","S2_56.2","piab",45,NA,NA,NA,NA,NA
"1731","S2_56.4","lyta",45,NA,NA,NA,NA,NA
"1732","S2_56.4","piab",45,NA,NA,NA,NA,NA
"1733","S2_56.5","lyta",45,NA,NA,NA,NA,NA
"1734","S2_56.5","piab",45,NA,NA,NA,NA,NA
"1735","S2_56.6","lyta",45,NA,NA,NA,NA,NA
"1736","S2_56.6","piab",45,NA,NA,NA,NA,NA
"1737","S2_57.1","lyta",45,NA,NA,NA,NA,NA
"1738","S2_57.1","piab",45,NA,NA,NA,NA,NA
"1739","S2_57.2","lyta",45,NA,NA,NA,NA,NA
"1740","S2_57.2","piab",45,NA,NA,NA,NA,NA
"1741","S2_57.3","lyta",45,NA,NA,NA,NA,NA
"1742","S2_57.3","piab",45,NA,NA,NA,NA,NA
"1743","S2_57.4","lyta",45,NA,NA,NA,NA,NA
"1744","S2_57.4","piab",45,NA,NA,NA,NA,NA
"1745","S2_57.5","lyta",45,NA,NA,NA,NA,NA
"1746","S2_57.5","piab",45,NA,NA,NA,NA,NA
"1747","S2_57.6","lyta",45,NA,NA,NA,NA,NA
"1748","S2_57.6","piab",45,NA,NA,NA,NA,NA
"1749","S2_58.1","lyta",45,NA,NA,NA,NA,NA
"1750","S2_58.1","piab",45,NA,NA,NA,NA,NA
"1751","S2_58.2","lyta",45,NA,NA,NA,NA,NA
"1752","S2_58.2","piab",45,NA,NA,NA,NA,NA
"1753","S2_58.3","lyta",45,NA,NA,NA,NA,NA
"1754","S2_58.3","piab",45,NA,NA,NA,NA,NA
"1755","S2_58.4","lyta",39.578784451827,NA,NA,NA,NA,NA
"1756","S2_58.4","piab",45,NA,NA,NA,NA,NA
"1757","S2_58.5","lyta",45,NA,NA,NA,NA,NA
"1758","S2_58.5","piab",45,NA,NA,NA,NA,NA
"1759","S2_58.6","lyta",45,NA,NA,NA,NA,NA
"1760","S2_58.6","piab",45,NA,NA,NA,NA,NA
"1761","S2_59.1","lyta",45,NA,NA,NA,NA,NA
"1762","S2_59.1","piab",45,NA,NA,NA,NA,NA
"1763","S2_59.2","lyta",45,NA,NA,NA,NA,NA
"1764","S2_59.2","piab",45,NA,NA,NA,NA,NA
"1765","S2_59.3","lyta",45,NA,NA,NA,NA,NA
"1766","S2_59.3","piab",45,NA,NA,NA,NA,NA
"1767","S2_59.4","lyta",45,NA,NA,NA,NA,NA
"1768","S2_59.4","piab",45,NA,NA,NA,NA,NA
"1769","S2_59.5","lyta",45,NA,NA,NA,NA,NA
"1770","S2_59.5","piab",45,NA,NA,NA,NA,NA
"1771","S2_59.6","lyta",45,NA,NA,NA,NA,NA
"1772","S2_59.6","piab",45,NA,NA,NA,NA,NA
"1773","S2_6.1","lyta",32.5525780329043,NA,NA,NA,NA,NA
"1774","S2_6.1","piab",45,NA,NA,NA,NA,NA
"1775","S2_6.2","lyta",32.4726777910442,NA,NA,NA,NA,NA
"1776","S2_6.2","piab",45,NA,NA,NA,NA,NA
"1777","S2_6.3","lyta",31.7454316901091,NA,NA,NA,NA,NA
"1778","S2_6.3","piab",45,NA,NA,NA,NA,NA
"1779","S2_6.4","lyta",31.5346721390699,NA,NA,NA,NA,NA
"1780","S2_6.4","piab",45,NA,NA,NA,NA,NA
"1781","S2_6.5","lyta",34.6194165880229,NA,NA,NA,NA,NA
"1782","S2_6.5","piab",45,NA,NA,NA,NA,NA
"1783","S2_6.6","lyta",31.6828513121192,NA,NA,NA,NA,NA
"1784","S2_6.6","piab",45,NA,NA,NA,NA,NA
"1785","S2_60.1","lyta",45,NA,NA,NA,NA,NA
"1786","S2_60.1","piab",45,NA,NA,NA,NA,NA
"1787","S2_60.2","lyta",45,NA,NA,NA,NA,NA
"1788","S2_60.2","piab",45,NA,NA,NA,NA,NA
"1789","S2_60.3","lyta",45,NA,NA,NA,NA,NA
"1790","S2_60.3","piab",45,NA,NA,NA,NA,NA
"1791","S2_60.4","lyta",39.1604394092826,NA,NA,NA,NA,NA
"1792","S2_60.4","piab",45,NA,NA,NA,NA,NA
"1793","S2_60.5","lyta",45,NA,NA,NA,NA,NA
"1794","S2_60.5","piab",45,NA,NA,NA,NA,NA
"1795","S2_60.6","lyta",45,NA,NA,NA,NA,NA
"1796","S2_60.6","piab",45,NA,NA,NA,NA,NA
"1797","S2_61.1","lyta",45,NA,NA,NA,NA,NA
"1798","S2_61.1","piab",45,NA,NA,NA,NA,NA
"1799","S2_61.2","lyta",45,NA,NA,NA,NA,NA
"1800","S2_61.2","piab",45,NA,NA,NA,NA,NA
"1801","S2_61.3","lyta",37.2562171867807,37.3334520583218,NA,NA,NA,NA
"1802","S2_61.3","piab",45,38.8090778954375,45,NA,NA,NA
"1803","S2_61.4","lyta",45,NA,NA,NA,NA,NA
"1804","S2_61.4","piab",45,NA,NA,NA,NA,NA
"1805","S2_61.5","lyta",45,NA,NA,NA,NA,NA
"1806","S2_61.5","piab",45,NA,NA,NA,NA,NA
"1807","S2_61.6","lyta",45,NA,NA,NA,NA,NA
"1808","S2_61.6","piab",45,NA,NA,NA,NA,NA
"1809","S2_62.1","lyta",38.3655739243504,NA,NA,NA,NA,NA
"1810","S2_62.1","piab",45,NA,NA,NA,NA,NA
"1811","S2_62.2","lyta",45,NA,NA,NA,NA,NA
"1812","S2_62.2","piab",45,NA,NA,NA,NA,NA
"1813","S2_62.3","lyta",38.545348428234,NA,NA,NA,NA,NA
"1814","S2_62.3","piab",45,NA,NA,NA,NA,NA
"1815","S2_62.4","lyta",45,NA,NA,NA,NA,NA
"1816","S2_62.4","piab",45,NA,NA,NA,NA,NA
"1817","S2_62.5","lyta",45,NA,NA,NA,NA,NA
"1818","S2_62.5","piab",45,NA,NA,NA,NA,NA
"1819","S2_62.6","piab",45,NA,NA,NA,NA,NA
"1820","S2_63.1","lyta",45,NA,NA,NA,NA,NA
"1821","S2_63.1","piab",45,NA,NA,NA,NA,NA
"1822","S2_63.2","lyta",45,NA,NA,NA,NA,NA
"1823","S2_63.2","piab",45,NA,NA,NA,NA,NA
"1824","S2_63.3","lyta",45,NA,NA,NA,NA,NA
"1825","S2_63.3","piab",45,NA,NA,NA,NA,NA
"1826","S2_63.4","lyta",45,NA,NA,NA,NA,NA
"1827","S2_63.4","piab",45,NA,NA,NA,NA,NA
"1828","S2_63.5","lyta",45,NA,NA,NA,NA,NA
"1829","S2_63.5","piab",45,NA,NA,NA,NA,NA
"1830","S2_63.6","lyta",45,45,NA,NA,NA,NA
"1831","S2_63.6","piab",45,45,45,NA,NA,NA
"1832","S2_64.1","lyta",41.2886300686249,NA,NA,NA,NA,NA
"1833","S2_64.1","piab",45,NA,NA,NA,NA,NA
"1834","S2_64.2","lyta",45,NA,NA,NA,NA,NA
"1835","S2_64.2","piab",45,NA,NA,NA,NA,NA
"1836","S2_64.3","lyta",45,45,NA,NA,NA,NA
"1837","S2_64.3","piab",45,45,45,NA,NA,NA
"1838","S2_64.4","lyta",45,NA,NA,NA,NA,NA
"1839","S2_64.4","piab",45,NA,NA,NA,NA,NA
"1840","S2_64.5","lyta",45,NA,NA,NA,NA,NA
"1841","S2_64.5","piab",45,NA,NA,NA,NA,NA
"1842","S2_64.6","lyta",45,NA,NA,NA,NA,NA
"1843","S2_64.6","piab",45,NA,NA,NA,NA,NA
"1844","S2_65.1","lyta",45,NA,NA,NA,NA,NA
"1845","S2_65.1","piab",45,NA,NA,NA,NA,NA
"1846","S2_65.2","lyta",45,NA,NA,NA,NA,NA
"1847","S2_65.2","piab",45,NA,NA,NA,NA,NA
"1848","S2_65.3","lyta",45,NA,NA,NA,NA,NA
"1849","S2_65.3","piab",45,NA,NA,NA,NA,NA
"1850","S2_65.4","lyta",45,NA,NA,NA,NA,NA
"1851","S2_65.4","piab",45,NA,NA,NA,NA,NA
"1852","S2_65.5","lyta",45,NA,NA,NA,NA,NA
"1853","S2_65.5","piab",45,NA,NA,NA,NA,NA
"1854","S2_65.6","lyta",45,NA,NA,NA,NA,NA
"1855","S2_65.6","piab",45,NA,NA,NA,NA,NA
"1856","S2_66.1","lyta",39.4509033277165,NA,NA,NA,NA,NA
"1857","S2_66.1","piab",45,NA,NA,NA,NA,NA
"1858","S2_66.2","lyta",45,NA,NA,NA,NA,NA
"1859","S2_66.2","piab",45,NA,NA,NA,NA,NA
"1860","S2_66.3","lyta",40.279680213588,NA,NA,NA,NA,NA
"1861","S2_66.3","piab",45,NA,NA,NA,NA,NA
"1862","S2_66.4","lyta",45,NA,NA,NA,NA,NA
"1863","S2_66.4","piab",45,NA,NA,NA,NA,NA
"1864","S2_66.5","lyta",45,NA,NA,NA,NA,NA
"1865","S2_66.5","piab",45,NA,NA,NA,NA,NA
"1866","S2_66.6","lyta",45,NA,NA,NA,NA,NA
"1867","S2_66.6","piab",45,NA,NA,NA,NA,NA
"1868","S2_67.1","lyta",25.3608658861121,NA,NA,NA,NA,NA
"1869","S2_67.1","piab",45,NA,NA,NA,NA,NA
"1870","S2_67.2","lyta",25.3865758518126,NA,NA,NA,NA,NA
"1871","S2_67.2","piab",45,NA,NA,NA,NA,NA
"1872","S2_67.3","lyta",24.2505390323507,NA,NA,NA,NA,NA
"1873","S2_67.3","piab",45,NA,NA,NA,NA,NA
"1874","S2_67.4","lyta",25.0233665938329,NA,NA,NA,NA,NA
"1875","S2_67.4","piab",45,NA,NA,NA,NA,NA
"1876","S2_67.5","lyta",25.0942072626971,NA,NA,NA,NA,NA
"1877","S2_67.5","piab",45,NA,NA,NA,NA,NA
"1878","S2_67.6","lyta",29.3098521605277,NA,NA,NA,NA,NA
"1879","S2_67.6","piab",45,NA,NA,NA,NA,NA
"1880","S2_68.1","lyta",25.523300044994,NA,NA,NA,NA,NA
"1881","S2_68.1","piab",45,NA,NA,NA,NA,NA
"1882","S2_68.2","lyta",24.1671925366222,NA,NA,NA,NA,NA
"1883","S2_68.2","piab",45,NA,NA,NA,NA,NA
"1884","S2_68.3","lyta",24.0610215534519,NA,NA,NA,NA,NA
"1885","S2_68.3","piab",45,NA,NA,NA,NA,NA
"1886","S2_68.4","lyta",26.0578064965318,NA,NA,NA,NA,NA
"1887","S2_68.4","piab",45,NA,NA,NA,NA,NA
"1888","S2_68.5","lyta",26.2053918604059,NA,NA,NA,NA,NA
"1889","S2_68.5","piab",45,NA,NA,NA,NA,NA
"1890","S2_68.6","lyta",25.5480143554324,NA,NA,NA,NA,NA
"1891","S2_68.6","piab",45,NA,NA,NA,NA,NA
"1892","S2_69.1","lyta",45,NA,NA,NA,NA,NA
"1893","S2_69.1","piab",45,NA,NA,NA,NA,NA
"1894","S2_69.2","lyta",45,NA,NA,NA,NA,NA
"1895","S2_69.2","piab",45,NA,NA,NA,NA,NA
"1896","S2_69.3","lyta",45,44.5251801038028,NA,NA,NA,NA
"1897","S2_69.3","piab",45,45,NA,NA,NA,NA
"1898","S2_69.4","lyta",45,NA,NA,NA,NA,NA
"1899","S2_69.4","piab",45,NA,NA,NA,NA,NA
"1900","S2_69.5","lyta",45,NA,NA,NA,NA,NA
"1901","S2_69.5","piab",45,NA,NA,NA,NA,NA
"1902","S2_69.6","lyta",45,NA,NA,NA,NA,NA
"1903","S2_69.6","piab",45,NA,NA,NA,NA,NA
"1904","S2_7.1","lyta",39.2025276348166,NA,NA,NA,NA,NA
"1905","S2_7.1","piab",45,NA,NA,NA,NA,NA
"1906","S2_7.2","lyta",45,NA,NA,NA,NA,NA
"1907","S2_7.2","piab",45,NA,NA,NA,NA,NA
"1908","S2_7.3","lyta",45,NA,NA,NA,NA,NA
"1909","S2_7.3","piab",45,NA,NA,NA,NA,NA
"1910","S2_7.4","lyta",45,NA,NA,NA,NA,NA
"1911","S2_7.4","piab",45,NA,NA,NA,NA,NA
"1912","S2_7.5","lyta",45,NA,NA,NA,NA,NA
"1913","S2_7.5","piab",45,NA,NA,NA,NA,NA
"1914","S2_7.6","lyta",45,NA,NA,NA,NA,NA
"1915","S2_7.6","piab",45,NA,NA,NA,NA,NA
"1916","S2_70.1","lyta",45,NA,NA,NA,NA,NA
"1917","S2_70.1","piab",45,NA,NA,NA,NA,NA
"1918","S2_70.2","lyta",45,NA,NA,NA,NA,NA
"1919","S2_70.2","piab",45,NA,NA,NA,NA,NA
"1920","S2_70.3","lyta",45,45,22.2205447609611,NA,NA,NA
"1921","S2_70.3","piab",45,45,23.0896129326503,NA,NA,NA
"1922","S2_70.4","lyta",45,NA,NA,NA,NA,NA
"1923","S2_70.4","piab",45,NA,NA,NA,NA,NA
"1924","S2_70.5","lyta",45,NA,NA,NA,NA,NA
"1925","S2_70.5","piab",45,NA,NA,NA,NA,NA
"1926","S2_70.6","lyta",45,NA,NA,NA,NA,NA
"1927","S2_70.6","piab",45,NA,NA,NA,NA,NA
"1928","S2_71.1","lyta",45,NA,NA,NA,NA,NA
"1929","S2_71.1","piab",45,NA,NA,NA,NA,NA
"1930","S2_71.2","lyta",45,NA,NA,NA,NA,NA
"1931","S2_71.2","piab",45,NA,NA,NA,NA,NA
"1932","S2_71.3","lyta",45,NA,NA,NA,NA,NA
"1933","S2_71.3","piab",45,NA,NA,NA,NA,NA
"1934","S2_71.4","lyta",45,NA,NA,NA,NA,NA
"1935","S2_71.4","piab",45,NA,NA,NA,NA,NA
"1936","S2_71.5","lyta",45,NA,NA,NA,NA,NA
"1937","S2_71.5","piab",45,NA,NA,NA,NA,NA
"1938","S2_71.6","lyta",45,NA,NA,NA,NA,NA
"1939","S2_71.6","piab",45,NA,NA,NA,NA,NA
"1940","S2_72.1","lyta",45,NA,NA,NA,NA,NA
"1941","S2_72.1","piab",45,NA,NA,NA,NA,NA
"1942","S2_72.2","lyta",45,NA,NA,NA,NA,NA
"1943","S2_72.2","piab",45,NA,NA,NA,NA,NA
"1944","S2_72.3","lyta",31.4665977870605,NA,NA,NA,NA,NA
"1945","S2_72.3","piab",45,NA,NA,NA,NA,NA
"1946","S2_72.4","lyta",45,NA,NA,NA,NA,NA
"1947","S2_72.4","piab",45,NA,NA,NA,NA,NA
"1948","S2_72.5","lyta",45,NA,NA,NA,NA,NA
"1949","S2_72.5","piab",45,NA,NA,NA,NA,NA
"1950","S2_72.6","lyta",45,NA,NA,NA,NA,NA
"1951","S2_72.6","piab",45,NA,NA,NA,NA,NA
"1952","S2_73.1","lyta",26.8948598734217,NA,NA,NA,NA,NA
"1953","S2_73.1","piab",45,NA,NA,NA,NA,NA
"1954","S2_73.2","lyta",22.0683817489393,NA,NA,NA,NA,NA
"1955","S2_73.2","piab",45,NA,NA,NA,NA,NA
"1956","S2_73.3","lyta",24.9234541843786,NA,NA,NA,NA,NA
"1957","S2_73.3","piab",45,NA,NA,NA,NA,NA
"1958","S2_73.4","lyta",25.8755919697103,NA,NA,NA,NA,NA
"1959","S2_73.4","piab",45,NA,NA,NA,NA,NA
"1960","S2_73.5","lyta",24.8565632594772,NA,NA,NA,NA,NA
"1961","S2_73.5","piab",45,NA,NA,NA,NA,NA
"1962","S2_73.6","lyta",29.1838380643387,NA,NA,NA,NA,NA
"1963","S2_73.6","piab",45,NA,NA,NA,NA,NA
"1964","S2_74.1","lyta",45,NA,NA,NA,NA,NA
"1965","S2_74.1","piab",45,NA,NA,NA,NA,NA
"1966","S2_74.2","lyta",45,NA,NA,NA,NA,NA
"1967","S2_74.2","piab",45,NA,NA,NA,NA,NA
"1968","S2_74.3","lyta",39.767883748449,NA,NA,NA,NA,NA
"1969","S2_74.3","piab",45,NA,NA,NA,NA,NA
"1970","S2_74.4","lyta",45,NA,NA,NA,NA,NA
"1971","S2_74.4","piab",45,NA,NA,NA,NA,NA
"1972","S2_74.5","lyta",39.6586501409218,NA,NA,NA,NA,NA
"1973","S2_74.5","piab",45,NA,NA,NA,NA,NA
"1974","S2_74.6","lyta",45,NA,NA,NA,NA,NA
"1975","S2_74.6","piab",45,NA,NA,NA,NA,NA
"1976","S2_75.1","lyta",45,NA,NA,NA,NA,NA
"1977","S2_75.1","piab",45,NA,NA,NA,NA,NA
"1978","S2_75.2","lyta",45,NA,NA,NA,NA,NA
"1979","S2_75.2","piab",45,NA,NA,NA,NA,NA
"1980","S2_75.3","lyta",45,NA,NA,NA,NA,NA
"1981","S2_75.3","piab",45,NA,NA,NA,NA,NA
"1982","S2_75.4","lyta",45,NA,NA,NA,NA,NA
"1983","S2_75.4","piab",45,NA,NA,NA,NA,NA
"1984","S2_75.5","lyta",45,NA,NA,NA,NA,NA
"1985","S2_75.5","piab",45,NA,NA,NA,NA,NA
"1986","S2_75.6","lyta",45,NA,NA,NA,NA,NA
"1987","S2_75.6","piab",45,NA,NA,NA,NA,NA
"1988","S2_76.1","lyta",45,NA,NA,NA,NA,NA
"1989","S2_76.1","piab",45,NA,NA,NA,NA,NA
"1990","S2_76.2","lyta",45,NA,NA,NA,NA,NA
"1991","S2_76.2","piab",45,NA,NA,NA,NA,NA
"1992","S2_76.3","lyta",45,NA,NA,NA,NA,NA
"1993","S2_76.3","piab",45,NA,NA,NA,NA,NA
"1994","S2_76.4","lyta",45,NA,NA,NA,NA,NA
"1995","S2_76.4","piab",45,NA,NA,NA,NA,NA
"1996","S2_76.5","lyta",45,NA,NA,NA,NA,NA
"1997","S2_76.5","piab",45,NA,NA,NA,NA,NA
"1998","S2_76.6","lyta",45,NA,NA,NA,NA,NA
"1999","S2_76.6","piab",45,NA,NA,NA,NA,NA
"2000","S2_77.1","lyta",28.6244313228764,NA,NA,NA,NA,NA
"2001","S2_77.1","piab",45,NA,NA,NA,NA,NA
"2002","S2_77.2","lyta",30.255824927258,NA,NA,NA,NA,NA
"2003","S2_77.2","piab",45,NA,NA,NA,NA,NA
"2004","S2_77.3","lyta",30.0664389661504,NA,NA,NA,NA,NA
"2005","S2_77.3","piab",45,NA,NA,NA,NA,NA
"2006","S2_77.4","lyta",27.6180464488215,NA,NA,NA,NA,NA
"2007","S2_77.4","piab",45,NA,NA,NA,NA,NA
"2008","S2_77.5","lyta",30.1593999417054,NA,NA,NA,NA,NA
"2009","S2_77.5","piab",45,NA,NA,NA,NA,NA
"2010","S2_77.6","lyta",29.12958268,NA,NA,NA,NA,NA
"2011","S2_77.6","piab",45,NA,NA,NA,NA,NA
"2012","S2_78.1","lyta",30.9973445525934,NA,NA,NA,NA,NA
"2013","S2_78.1","piab",45,NA,NA,NA,NA,NA
"2014","S2_78.2","lyta",34.275819472629,NA,NA,NA,NA,NA
"2015","S2_78.2","piab",45,NA,NA,NA,NA,NA
"2016","S2_78.3","lyta",30.2856366308754,NA,NA,NA,NA,NA
"2017","S2_78.3","piab",45,NA,NA,NA,NA,NA
"2018","S2_78.4","lyta",31.3146758747669,NA,NA,NA,NA,NA
"2019","S2_78.4","piab",45,NA,NA,NA,NA,NA
"2020","S2_78.5","lyta",28.2435549768401,NA,NA,NA,NA,NA
"2021","S2_78.5","piab",45,NA,NA,NA,NA,NA
"2022","S2_78.6","lyta",28.40909911,NA,NA,NA,NA,NA
"2023","S2_78.6","piab",45,NA,NA,NA,NA,NA
"2024","S2_79.1","lyta",45,NA,NA,NA,NA,NA
"2025","S2_79.1","piab",45,NA,NA,NA,NA,NA
"2026","S2_79.2","lyta",45,NA,NA,NA,NA,NA
"2027","S2_79.2","piab",45,NA,NA,NA,NA,NA
"2028","S2_79.3","lyta",39.04128577263,NA,NA,NA,NA,NA
"2029","S2_79.3","piab",45,NA,NA,NA,NA,NA
"2030","S2_79.4","lyta",45,NA,NA,NA,NA,NA
"2031","S2_79.4","piab",45,NA,NA,NA,NA,NA
"2032","S2_79.5","lyta",45,NA,NA,NA,NA,NA
"2033","S2_79.5","piab",45,NA,NA,NA,NA,NA
"2034","S2_79.6","lyta",45,NA,NA,NA,NA,NA
"2035","S2_79.6","piab",45,NA,NA,NA,NA,NA
"2036","S2_8.1","lyta",45,NA,NA,NA,NA,NA
"2037","S2_8.1","piab",45,NA,NA,NA,NA,NA
"2038","S2_8.2","lyta",45,NA,NA,NA,NA,NA
"2039","S2_8.2","piab",45,NA,NA,NA,NA,NA
"2040","S2_8.3","lyta",45,NA,NA,NA,NA,NA
"2041","S2_8.3","piab",45,NA,NA,NA,NA,NA
"2042","S2_8.4","lyta",45,NA,NA,NA,NA,NA
"2043","S2_8.4","piab",45,NA,NA,NA,NA,NA
"2044","S2_8.5","lyta",45,NA,NA,NA,NA,NA
"2045","S2_8.5","piab",45,NA,NA,NA,NA,NA
"2046","S2_8.6","lyta",45,NA,NA,NA,NA,NA
"2047","S2_8.6","piab",45,NA,NA,NA,NA,NA
"2048","S2_80.1","lyta",45,NA,NA,NA,NA,NA
"2049","S2_80.1","piab",45,NA,NA,NA,NA,NA
"2050","S2_80.2","lyta",45,NA,NA,NA,NA,NA
"2051","S2_80.2","piab",45,NA,NA,NA,NA,NA
"2052","S2_80.3","lyta",45,NA,NA,NA,NA,NA
"2053","S2_80.3","piab",45,NA,NA,NA,NA,NA
"2054","S2_80.4","lyta",45,NA,NA,NA,NA,NA
"2055","S2_80.4","piab",45,NA,NA,NA,NA,NA
"2056","S2_80.5","lyta",45,NA,NA,NA,NA,NA
"2057","S2_80.5","piab",45,NA,NA,NA,NA,NA
"2058","S2_80.6","lyta",45,NA,NA,NA,NA,NA
"2059","S2_80.6","piab",45,NA,NA,NA,NA,NA
"2060","S2_81.1","lyta",45,NA,NA,NA,NA,NA
"2061","S2_81.1","piab",45,NA,NA,NA,NA,NA
"2062","S2_81.2","lyta",45,NA,NA,NA,NA,NA
"2063","S2_81.2","piab",45,NA,NA,NA,NA,NA
"2064","S2_81.3","lyta",45,NA,NA,NA,NA,NA
"2065","S2_81.3","piab",45,NA,NA,NA,NA,NA
"2066","S2_81.4","lyta",34.7181167393609,NA,NA,NA,NA,NA
"2067","S2_81.4","piab",45,NA,NA,NA,NA,NA
"2068","S2_81.5","lyta",45,NA,NA,NA,NA,NA
"2069","S2_81.5","piab",45,NA,NA,NA,NA,NA
"2070","S2_81.6","lyta",39.76696238,NA,NA,NA,NA,NA
"2071","S2_81.6","piab",45,NA,NA,NA,NA,NA
"2072","S2_82.1","lyta",45,NA,NA,NA,NA,NA
"2073","S2_82.1","piab",45,NA,NA,NA,NA,NA
"2074","S2_82.2","lyta",45,NA,NA,NA,NA,NA
"2075","S2_82.2","piab",45,NA,NA,NA,NA,NA
"2076","S2_82.3","lyta",45,NA,NA,NA,NA,NA
"2077","S2_82.3","piab",45,NA,NA,NA,NA,NA
"2078","S2_82.4","lyta",45,NA,NA,NA,NA,NA
"2079","S2_82.4","piab",45,NA,NA,NA,NA,NA
"2080","S2_82.5","lyta",45,NA,NA,NA,NA,NA
"2081","S2_82.5","piab",45,NA,NA,NA,NA,NA
"2082","S2_82.6","lyta",45,NA,NA,NA,NA,NA
"2083","S2_82.6","piab",45,NA,NA,NA,NA,NA
"2084","S2_83.1","lyta",45,NA,NA,NA,NA,NA
"2085","S2_83.1","piab",45,NA,NA,NA,NA,NA
"2086","S2_83.2","lyta",44.277451970332,NA,NA,NA,NA,NA
"2087","S2_83.2","piab",45,NA,NA,NA,NA,NA
"2088","S2_83.3","lyta",45,NA,NA,NA,NA,NA
"2089","S2_83.3","piab",45,NA,NA,NA,NA,NA
"2090","S2_83.4","lyta",45,NA,NA,NA,NA,NA
"2091","S2_83.4","piab",45,NA,NA,NA,NA,NA
"2092","S2_83.5","lyta",45,NA,NA,NA,NA,NA
"2093","S2_83.5","piab",45,NA,NA,NA,NA,NA
"2094","S2_83.6","lyta",45,NA,NA,NA,NA,NA
"2095","S2_83.6","piab",45,NA,NA,NA,NA,NA
"2096","S2_84.1","lyta",45,NA,NA,NA,NA,NA
"2097","S2_84.1","piab",45,NA,NA,NA,NA,NA
"2098","S2_84.2","lyta",45,NA,NA,NA,NA,NA
"2099","S2_84.2","piab",45,NA,NA,NA,NA,NA
"2100","S2_85.1","lyta",45,NA,NA,NA,NA,NA
"2101","S2_85.1","piab",45,NA,NA,NA,NA,NA
"2102","S2_85.2","lyta",45,NA,NA,NA,NA,NA
"2103","S2_85.2","piab",45,NA,NA,NA,NA,NA
"2104","S2_85.3","lyta",45,NA,NA,NA,NA,NA
"2105","S2_85.3","piab",45,NA,NA,NA,NA,NA
"2106","S2_85.4","lyta",45,NA,NA,NA,NA,NA
"2107","S2_85.4","piab",45,NA,NA,NA,NA,NA
"2108","S2_85.5","lyta",45,NA,NA,NA,NA,NA
"2109","S2_85.5","piab",45,NA,NA,NA,NA,NA
"2110","S2_85.6","lyta",38.75542471,NA,NA,NA,NA,NA
"2111","S2_85.6","piab",45,NA,NA,NA,NA,NA
"2112","S2_86.1","lyta",45,NA,NA,NA,NA,NA
"2113","S2_86.1","piab",45,NA,NA,NA,NA,NA
"2114","S2_86.2","lyta",45,NA,NA,NA,NA,NA
"2115","S2_86.2","piab",45,NA,NA,NA,NA,NA
"2116","S2_86.3","lyta",45,NA,NA,NA,NA,NA
"2117","S2_86.3","piab",45,NA,NA,NA,NA,NA
"2118","S2_86.4","lyta",45,NA,NA,NA,NA,NA
"2119","S2_86.4","piab",45,NA,NA,NA,NA,NA
"2120","S2_86.5","lyta",45,NA,NA,NA,NA,NA
"2121","S2_86.5","piab",45,NA,NA,NA,NA,NA
"2122","S2_86.6","lyta",37.84617736,NA,NA,NA,NA,NA
"2123","S2_86.6","piab",45,NA,NA,NA,NA,NA
"2124","S2_87.1","lyta",45,NA,NA,NA,NA,NA
"2125","S2_87.1","piab",45,NA,NA,NA,NA,NA
"2126","S2_87.3","lyta",45,NA,NA,NA,NA,NA
"2127","S2_87.3","piab",45,NA,NA,NA,NA,NA
"2128","S2_87.4","lyta",45,NA,NA,NA,NA,NA
"2129","S2_87.4","piab",45,NA,NA,NA,NA,NA
"2130","S2_87.5","lyta",45,NA,NA,NA,NA,NA
"2131","S2_87.5","piab",45,NA,NA,NA,NA,NA
"2132","S2_87.6","lyta",45,NA,NA,NA,NA,NA
"2133","S2_87.6","piab",45,45,NA,NA,NA,NA
"2134","S2_87.7","lyta",45,NA,NA,NA,NA,NA
"2135","S2_88.1","lyta",45,NA,NA,NA,NA,NA
"2136","S2_88.1","piab",45,NA,NA,NA,NA,NA
"2137","S2_88.2","lyta",29.21042368,NA,NA,NA,NA,NA
"2138","S2_88.2","piab",45,NA,NA,NA,NA,NA
"2139","S2_88.3","lyta",45,NA,NA,NA,NA,NA
"2140","S2_88.3","piab",45,NA,NA,NA,NA,NA
"2141","S2_88.4","lyta",45,NA,NA,NA,NA,NA
"2142","S2_88.4","piab",45,NA,NA,NA,NA,NA
"2143","S2_88.5","lyta",45,NA,NA,NA,NA,NA
"2144","S2_88.5","piab",45,NA,NA,NA,NA,NA
"2145","S2_88.6","lyta",45,NA,NA,NA,NA,NA
"2146","S2_88.6","piab",45,NA,NA,NA,NA,NA
"2147","S2_89.1","lyta",26.364606928821,NA,NA,NA,NA,NA
"2148","S2_89.1","piab",45,NA,NA,NA,NA,NA
"2149","S2_89.2","lyta",45,NA,NA,NA,NA,NA
"2150","S2_89.2","piab",35.61335421,NA,NA,NA,NA,NA
"2151","S2_89.3","lyta",28.9752043409673,NA,NA,NA,NA,NA
"2152","S2_89.3","piab",45,NA,NA,NA,NA,NA
"2153","S2_89.4","lyta",29.3410371214455,NA,NA,NA,NA,NA
"2154","S2_89.4","piab",45,NA,NA,NA,NA,NA
"2155","S2_89.5","lyta",30.4539142248943,NA,NA,NA,NA,NA
"2156","S2_89.5","piab",45,NA,NA,NA,NA,NA
"2157","S2_89.6","lyta",29.0304350316135,NA,NA,NA,NA,NA
"2158","S2_89.6","piab",45,NA,NA,NA,NA,NA
"2159","S2_9.1","lyta",45,NA,NA,NA,NA,NA
"2160","S2_9.1","piab",45,NA,NA,NA,NA,NA
"2161","S2_9.2","lyta",45,NA,NA,NA,NA,NA
"2162","S2_9.2","piab",45,NA,NA,NA,NA,NA
"2163","S2_9.3","lyta",45,NA,NA,NA,NA,NA
"2164","S2_9.3","piab",45,NA,NA,NA,NA,NA
"2165","S2_9.4","lyta",45,NA,NA,NA,NA,NA
"2166","S2_9.4","piab",45,NA,NA,NA,NA,NA
"2167","S2_9.5","lyta",45,NA,NA,NA,NA,NA
"2168","S2_9.5","piab",45,NA,NA,NA,NA,NA
"2169","S2_9.6","lyta",45,NA,NA,NA,NA,NA
"2170","S2_9.6","piab",45,NA,NA,NA,NA,NA
"2171","S2_90.1","lyta",45,NA,NA,NA,NA,NA
"2172","S2_90.1","piab",45,NA,NA,NA,NA,NA
"2173","S2_90.2","lyta",45,NA,NA,NA,NA,NA
"2174","S2_90.2","piab",45,NA,NA,NA,NA,NA
"2175","S2_90.3","lyta",45,NA,NA,NA,NA,NA
"2176","S2_90.3","piab",45,NA,NA,NA,NA,NA
"2177","S2_90.4","lyta",45,NA,NA,NA,NA,NA
"2178","S2_90.4","piab",45,NA,NA,NA,NA,NA
"2179","S2_90.5","lyta",45,NA,NA,NA,NA,NA
"2180","S2_90.5","piab",45,NA,NA,NA,NA,NA
"2181","S2_90.6","lyta",45,NA,NA,NA,NA,NA
"2182","S2_90.6","piab",45,NA,NA,NA,NA,NA
